checking_account,duration,credit_history,purpose,amount,savings_account,employment_duration,installment_rate,other_debtors,present_residence,property,age,other_installment_plans,housing,number_credits,job,people_liable,telephone,foreign_worker,gender,profit
3,18,0,2,1049,4,2,2,2,3,1,21,1,0,0,1,0,0,0,female,242
3,9,0,5,2799,4,0,1,2,0,3,36,1,0,1,1,1,0,0,male,596
0,12,4,8,841,0,1,1,2,3,3,23,1,0,0,3,0,0,0,female,25
3,12,0,5,2122,4,0,0,2,0,3,39,1,0,1,3,1,0,1,male,568
3,12,0,5,2171,4,0,2,2,3,1,38,0,2,1,3,0,0,1,male,782
3,10,0,5,2241,4,2,3,2,1,3,48,1,0,1,3,1,0,1,male,737
3,8,0,5,3398,4,1,3,2,3,3,39,1,2,1,3,0,0,1,male,759
3,6,0,5,1361,4,2,1,2,3,3,40,1,2,0,3,1,0,1,male,328
1,18,0,4,1098,4,4,2,2,3,0,65,1,2,1,2,0,0,0,female,223
0,24,4,4,3758,2,4,3,2,3,2,23,1,0,0,2,0,0,0,female,30
3,11,0,5,3905,4,0,1,2,0,3,36,1,0,1,1,1,0,0,male,870
3,30,0,1,6187,0,1,3,2,3,0,24,1,0,1,1,0,0,0,female,1834
3,6,0,4,1957,4,1,3,2,3,0,31,1,2,0,1,0,0,0,female,31
0,48,3,0,7582,0,4,1,2,3,2,31,1,2,0,0,0,1,0,male,2053
3,18,4,4,1936,1,1,1,2,3,0,23,1,0,1,3,0,0,0,female,90
3,6,4,4,2647,2,0,1,2,1,3,44,1,0,0,1,1,0,0,male,555
3,11,0,5,3939,4,0,3,2,0,3,40,1,2,1,3,1,0,0,male,381
0,18,4,4,3213,2,2,3,2,1,3,25,1,0,0,1,0,0,0,female,6
0,36,0,4,2337,4,3,2,2,3,3,36,1,2,0,1,0,0,0,male,174
1,11,0,5,7228,4,0,3,2,3,1,39,1,2,1,3,0,0,0,male,78
3,6,0,5,3676,4,0,3,2,1,3,37,1,0,2,1,1,0,0,male,1361
0,12,0,5,3124,4,2,3,2,1,3,49,0,2,1,3,1,0,0,male,463
0,36,4,3,2384,4,2,2,2,2,2,33,1,0,0,3,0,0,0,male,-502
0,12,0,6,1424,4,1,2,2,1,1,26,1,2,0,1,0,0,0,male,399
3,6,0,5,4716,1,2,3,2,1,3,44,1,2,1,3,1,0,0,male,771
0,11,3,4,4771,4,1,1,2,3,1,51,1,2,0,1,0,0,0,nonbinary/notreported,585
3,12,4,2,652,4,3,2,2,3,1,24,1,0,0,1,0,0,0,female,0
0,9,0,4,1154,4,3,1,2,3,3,37,1,2,2,3,0,0,0,nonbinary/notreported,229
1,15,4,5,3556,1,0,0,2,0,2,29,1,2,0,1,0,0,0,male,639
2,42,0,1,4796,4,3,2,2,3,2,56,1,1,0,1,0,0,0,male,1038
2,30,0,4,3017,4,3,2,2,3,1,47,1,2,0,1,0,0,0,male,439
1,36,0,5,3535,4,1,2,2,3,0,37,1,2,1,1,0,1,0,male,640
1,36,0,5,6614,4,3,2,2,3,0,34,1,2,1,0,0,1,0,male,1666
1,24,4,4,1376,2,1,2,2,2,0,28,1,2,0,1,0,0,0,female,307
3,15,4,5,1721,4,2,1,2,1,3,36,1,2,0,1,0,0,0,male,386
3,6,0,5,860,4,3,3,2,3,2,39,1,2,1,1,0,1,0,female,250
1,12,0,5,1495,4,3,2,2,2,3,38,1,2,1,3,1,0,0,male,242
1,12,0,4,1934,4,3,1,2,0,2,26,1,2,1,1,0,0,0,male,460
1,18,4,1,3378,1,0,1,2,2,1,31,1,2,0,1,0,1,0,male,869
1,24,0,1,3868,4,3,2,2,0,0,41,1,0,1,0,0,1,0,female,583
1,12,0,3,996,1,1,2,2,3,3,23,1,2,1,1,0,0,0,female,21
3,24,4,0,1755,4,3,2,1,3,3,58,1,2,0,3,0,1,0,female,563
1,18,0,5,1028,4,0,2,2,1,3,36,1,2,1,1,0,0,0,female,327
0,24,0,8,2825,1,1,2,2,1,2,34,1,2,1,1,1,1,0,male,204
0,18,4,7,1239,1,0,2,2,3,2,61,1,1,0,1,0,0,0,male,232
3,18,4,5,1216,4,2,2,2,1,0,23,1,0,0,1,0,1,0,female,-93
1,24,4,8,1258,4,1,2,2,2,3,25,1,2,0,1,0,1,0,male,307
1,18,0,7,1864,0,0,2,2,0,3,30,1,2,1,1,0,0,0,female,-978
1,24,4,5,1474,0,2,2,2,1,3,33,1,2,0,1,0,1,0,female,36
3,24,0,8,1382,0,1,2,2,2,3,26,1,2,1,1,0,1,0,male,165
1,12,4,5,640,4,0,2,2,0,3,49,1,2,0,3,0,0,0,male,66
2,36,4,4,3919,4,0,1,2,0,3,23,1,2,0,1,0,1,0,male,979
1,9,0,5,1224,4,0,0,2,2,3,30,1,2,1,1,0,0,0,male,370
1,12,0,4,2331,1,3,3,0,3,3,49,1,2,0,1,0,1,0,male,282
1,24,4,1,6313,1,3,0,2,3,0,41,1,2,0,0,1,1,0,nonbinary/notreported,1436
3,12,0,4,385,4,1,2,2,1,3,58,1,2,3,3,0,1,0,female,62
1,12,0,4,1655,4,3,1,2,3,3,63,1,2,1,3,0,1,0,male,339
3,15,4,4,1053,4,2,2,2,0,3,27,1,2,0,1,0,0,1,female,87
1,21,4,4,3160,1,3,2,2,1,1,41,1,2,0,1,0,1,0,male,133
1,36,4,5,3079,1,0,2,2,3,3,36,1,2,0,1,0,0,0,male,112
1,12,0,5,1163,2,0,2,2,3,3,44,1,2,0,1,0,1,0,male,63
1,24,4,1,2679,4,2,2,2,2,2,29,1,2,0,0,0,1,0,female,570
1,48,0,4,3578,1,3,2,2,2,3,47,1,2,0,1,0,1,0,male,46
1,36,3,5,10875,4,3,1,2,0,0,45,1,2,1,1,1,1,0,male,2258
3,12,3,5,1344,4,0,2,2,0,3,43,1,2,1,3,1,0,0,male,130
1,6,0,4,1237,0,0,3,2,2,1,27,1,2,1,1,0,0,0,female,325
1,12,4,4,3077,4,0,1,2,3,0,52,1,2,0,1,0,1,0,male,335
1,24,4,4,2284,4,1,2,2,0,0,28,1,2,0,1,0,1,0,male,137
0,12,4,4,1567,4,0,3,2,2,0,22,1,2,0,1,0,1,0,female,23
1,24,3,5,2032,4,3,2,2,3,2,60,1,1,1,1,0,1,0,male,239
0,21,0,2,2745,3,1,0,2,0,0,32,1,2,1,1,0,1,0,male,484
1,30,4,4,1867,1,3,2,2,3,0,58,1,2,0,1,0,1,0,male,556
1,36,4,4,2299,2,3,2,2,3,0,39,1,2,0,1,0,0,0,male,87
1,24,4,2,929,1,1,2,2,0,0,31,2,2,0,1,0,1,0,male,163
2,12,4,4,3399,1,3,1,2,1,0,37,1,2,0,0,0,0,0,male,536
0,9,4,2,2030,1,1,1,2,2,0,24,1,2,0,1,0,1,0,male,254
1,21,0,1,3275,4,3,3,2,3,0,36,1,2,0,0,0,1,0,male,267
1,24,0,5,1940,3,3,2,2,3,3,60,1,2,0,1,0,1,0,male,306
3,21,0,5,1602,4,3,2,2,1,0,30,1,2,1,1,0,1,0,female,475
1,15,4,4,1979,1,3,2,2,0,0,35,1,2,0,1,0,0,0,male,353
1,24,0,5,2022,4,0,2,2,3,0,37,1,2,0,1,0,1,0,nonbinary/notreported,355
1,36,0,4,3342,1,3,2,2,0,0,51,1,2,0,1,0,1,0,male,194
0,18,4,5,5866,0,0,1,2,0,0,30,1,2,1,1,0,1,0,male,1916
2,15,0,1,2360,2,0,1,2,0,0,36,1,2,0,1,0,1,0,male,395
1,15,0,2,1520,1,3,2,2,3,1,63,1,2,0,1,0,0,0,male,626
3,12,4,5,3651,3,0,3,2,1,1,31,1,2,0,1,1,0,0,male,1537
1,24,0,1,2346,4,1,2,2,1,0,35,1,2,1,1,0,1,0,male,67
1,36,3,4,4454,4,0,2,2,3,3,34,1,2,1,1,0,0,0,female,1099
3,6,0,5,666,3,1,0,2,3,3,39,1,2,1,3,0,1,0,female,14
0,24,3,5,1965,1,0,2,2,3,0,42,1,0,1,1,0,1,0,female,403
0,12,0,5,1995,0,2,2,2,2,0,27,1,2,0,1,0,0,0,male,686
0,30,4,4,2991,1,3,1,2,3,0,25,1,2,0,1,0,0,0,female,636
0,30,2,8,4221,4,0,1,2,2,0,28,1,2,1,1,0,0,0,female,460
3,9,4,4,1364,4,1,0,2,3,3,59,1,2,0,1,0,0,0,male,141
0,18,0,2,6361,4,3,1,2,2,2,41,1,2,0,1,0,1,0,male,742
1,27,0,2,4526,3,2,2,2,0,3,32,2,2,1,3,1,1,0,nonbinary/notreported,962
0,12,0,4,3573,4,0,3,2,2,3,23,1,2,0,3,0,0,0,female,196
0,36,3,8,4455,4,0,1,2,0,3,30,2,2,1,0,0,1,0,male,-2048
3,9,4,2,2136,4,0,0,2,0,3,25,1,2,0,1,0,0,0,male,538
0,42,0,8,5954,4,1,1,2,2,3,41,0,2,1,3,0,0,0,female,1025
1,24,0,2,3777,3,0,2,2,3,3,40,1,2,0,1,0,1,0,male,821
3,15,4,8,806,4,0,2,2,3,1,22,1,2,0,3,0,0,0,female,122
0,24,3,8,4712,1,0,2,2,0,1,34,0,2,1,0,0,1,0,male,1392
0,36,3,5,7432,4,0,1,2,0,1,54,1,0,0,1,0,0,0,female,681
1,24,0,4,1851,4,1,2,1,0,0,33,1,2,1,1,0,1,0,female,167
1,24,4,5,1393,4,0,1,1,0,3,31,1,2,0,1,0,1,0,male,360
1,12,0,8,1412,4,0,2,1,0,3,29,1,2,1,0,0,1,0,female,94
1,18,4,4,1473,4,2,0,2,3,3,39,1,2,0,1,0,1,0,female,191
1,24,4,4,1533,4,2,2,2,1,0,38,2,2,0,1,0,1,0,female,172
1,12,0,7,2012,1,1,2,2,0,0,61,1,2,0,1,0,0,0,female,153
3,15,4,5,3959,4,0,0,2,0,1,29,1,2,0,1,0,1,0,female,-2317
3,6,4,2,428,4,3,1,2,2,1,49,0,2,0,1,0,1,0,female,35
0,12,0,5,2366,2,1,0,2,1,0,36,1,2,0,0,0,1,0,male,55
1,12,4,2,763,4,0,2,2,2,3,26,1,2,0,1,0,1,0,nonbinary/notreported,59
0,21,4,2,3976,1,1,1,2,1,0,35,1,2,0,1,0,1,0,male,236
0,18,4,5,6260,4,1,0,2,1,3,28,1,0,0,3,0,0,0,male,1711
0,9,0,2,1919,4,1,2,2,1,0,35,1,0,0,1,0,1,0,male,517
1,24,4,1,2603,3,0,1,2,3,0,28,1,0,0,1,0,1,0,female,262
1,9,0,7,936,2,3,2,2,0,0,52,1,2,1,1,0,1,0,male,185
1,24,4,2,3062,2,3,2,2,1,2,32,1,0,0,1,0,1,0,male,625
0,36,4,4,4795,4,2,2,2,2,2,30,1,2,0,0,0,1,0,female,1399
1,36,0,1,5842,4,3,1,2,0,1,35,1,2,1,1,1,1,0,male,1053
0,6,4,4,2063,4,2,2,2,1,0,30,1,0,0,0,0,1,0,female,24
1,15,0,4,1459,4,0,2,2,0,0,43,1,2,0,3,0,0,0,female,141
1,15,4,4,1213,2,3,2,2,1,1,47,2,2,0,1,0,1,0,male,254
1,24,0,4,5103,4,2,0,2,1,2,47,1,1,2,1,0,1,0,female,723
1,15,4,6,874,1,2,2,2,2,3,24,1,2,0,1,0,0,0,female,161
1,6,4,2,2978,2,0,3,2,0,0,32,1,2,0,1,0,1,0,male,840
1,18,4,5,1820,4,0,1,2,0,1,30,1,2,0,0,0,1,0,female,402
1,24,0,4,2872,0,3,0,2,3,3,36,1,2,0,1,1,1,0,male,306
2,24,4,2,1925,4,0,1,2,0,3,26,1,2,0,1,0,0,0,nonbinary/notreported,189
1,18,4,2,2515,4,0,0,2,3,3,43,1,2,0,1,0,1,0,male,340
2,6,4,2,2116,4,0,1,2,0,3,41,1,2,0,1,0,1,0,male,506
1,18,4,4,1453,4,2,0,2,2,3,26,1,2,0,1,0,0,0,female,434
1,10,4,5,1364,4,0,1,2,3,0,64,1,2,0,1,0,1,0,female,242
1,6,4,2,1543,3,0,2,2,0,3,33,1,2,0,1,0,0,0,male,414
0,12,4,5,1318,3,3,2,2,3,3,54,1,2,0,1,0,1,0,male,219
3,24,1,5,2325,0,1,1,2,1,0,32,0,2,0,1,0,0,0,male,486
0,6,0,9,932,1,1,3,2,1,1,39,1,2,1,3,0,0,0,female,256
2,24,0,4,3148,1,0,0,2,0,0,31,1,2,1,1,0,1,0,male,569
1,36,4,4,3835,1,3,1,2,3,3,45,1,2,0,3,0,1,0,female,133
1,9,4,7,3832,1,3,3,2,3,3,64,1,2,0,3,0,0,0,male,426
0,24,4,4,5084,1,3,1,2,3,0,42,1,2,0,1,0,1,0,female,1209
1,9,0,2,2406,4,4,1,2,1,0,31,1,2,0,0,0,0,0,nonbinary/notreported,22
1,36,4,4,2394,1,0,2,2,3,0,25,1,2,0,1,0,0,0,female,48
1,21,4,1,2476,1,3,2,2,3,3,46,1,2,0,0,0,1,0,male,483
3,24,4,1,2964,1,3,2,2,3,2,49,0,1,0,1,1,1,0,male,273
3,12,4,2,1262,1,3,1,2,3,1,49,1,2,0,3,0,1,0,male,251
1,12,4,8,1542,4,1,1,2,3,0,36,1,2,0,1,0,1,0,male,76
0,24,0,4,1743,4,3,2,2,0,1,48,1,2,1,3,0,0,0,male,225
2,12,1,4,409,3,0,0,2,1,3,42,1,0,1,1,0,0,0,female,98
1,12,4,4,2171,4,2,1,2,0,0,29,0,2,0,1,0,0,0,female,628
1,48,0,1,8858,1,1,1,2,2,2,35,1,1,1,1,0,1,0,male,861
0,24,4,5,3512,0,1,1,2,1,0,38,0,2,1,1,0,1,0,male,340
0,12,4,4,1158,2,0,0,2,2,0,26,1,2,0,1,0,1,0,male,172
1,24,0,4,2684,4,0,2,2,0,3,35,1,2,1,3,0,0,0,male,158
3,12,4,4,1498,4,0,2,2,2,0,23,0,2,0,1,0,0,0,female,310
1,30,0,4,5954,4,1,0,0,0,0,38,1,2,0,1,0,0,0,male,233
0,48,1,8,6416,4,3,2,2,1,2,59,1,0,0,1,0,0,0,female,-2157
0,12,0,2,3617,4,3,3,2,3,0,28,1,0,2,1,0,1,0,male,1314
1,12,0,4,1291,4,0,2,2,0,1,35,1,2,1,1,0,0,0,female,313
2,24,0,8,1275,3,0,1,2,3,3,36,1,2,1,1,0,1,0,male,86
1,24,4,2,3972,4,1,1,2,3,1,25,1,0,0,1,0,1,0,female,485
1,15,0,2,3343,4,0,2,2,0,2,28,1,1,0,1,0,1,0,male,366
2,15,4,7,392,4,2,2,2,3,1,23,1,0,0,1,0,1,0,female,61
1,9,0,5,2134,4,0,2,2,3,0,48,1,2,2,1,0,1,0,male,295
1,30,0,4,5771,4,1,2,2,0,0,25,1,2,1,1,0,0,0,female,243
1,24,0,8,4526,4,0,0,2,0,3,74,1,2,0,0,0,1,0,male,580
1,15,0,2,2788,4,1,1,0,1,0,24,0,2,1,1,0,0,0,female,382
1,6,0,4,1382,4,0,3,2,2,0,28,1,2,1,1,0,1,0,female,162
2,36,4,4,5848,4,0,2,2,2,0,24,1,2,0,1,0,0,0,male,1078
3,12,4,5,1228,4,0,2,2,0,3,24,1,2,0,3,0,0,0,female,-610
2,12,4,4,1297,4,0,0,2,3,3,23,1,0,0,1,0,0,0,female,439
1,24,4,4,1552,4,1,0,2,2,0,32,0,2,0,1,1,0,0,male,127
1,12,4,4,1963,4,1,2,2,0,0,31,1,0,1,0,1,1,0,male,417
1,24,4,4,3235,2,3,0,2,0,0,36,1,2,0,0,0,1,0,male,277
1,24,0,8,4139,0,0,0,2,1,1,27,1,2,1,3,0,1,0,male,756
0,12,0,1,1804,0,2,0,2,3,1,44,1,2,0,1,0,0,0,male,629
1,18,4,8,1950,4,1,2,2,2,0,34,2,2,1,1,0,1,0,male,454
1,48,3,4,12749,2,1,2,2,2,0,37,1,2,0,0,0,1,0,male,1667
1,9,4,6,1236,4,2,3,2,3,3,23,1,0,0,1,0,1,0,female,317
1,18,0,5,1055,4,2,2,2,2,1,30,1,2,1,1,0,0,0,female,384
3,30,2,8,8072,1,2,1,2,1,0,25,0,2,2,1,0,0,0,nonbinary/notreported,1323
1,30,0,4,2831,4,0,2,2,0,0,33,1,2,0,1,0,1,0,female,377
1,9,4,8,1449,4,1,0,2,0,0,27,1,2,1,1,0,0,0,female,248
1,36,4,8,5742,0,1,1,2,0,0,31,1,2,1,1,0,1,0,male,1489
1,12,4,5,2390,1,3,2,2,1,0,50,1,2,0,1,0,1,0,male,459
1,24,4,4,3430,2,3,0,2,0,0,31,1,2,0,1,1,1,0,male,603
0,36,4,7,2273,4,1,0,2,2,0,32,1,2,1,1,1,0,0,male,339
2,21,4,5,2923,0,0,3,2,2,0,28,0,2,0,0,0,1,0,female,133
1,24,4,4,1901,0,0,2,2,3,0,29,1,0,0,0,0,1,0,male,78
0,36,4,7,3711,1,0,1,2,0,0,27,1,2,0,1,0,0,0,nonbinary/notreported,777
0,48,4,5,8487,1,1,3,2,0,0,24,1,2,0,1,0,0,0,female,1644
1,24,4,5,2255,1,2,2,2,2,1,54,1,2,0,1,0,0,0,male,268
1,12,4,4,1262,4,0,0,2,0,0,25,1,2,0,1,0,0,0,male,474
1,33,0,1,7253,4,1,0,2,0,0,35,1,2,1,0,0,1,0,male,1146
1,6,0,5,6761,4,1,3,2,1,2,45,1,2,1,0,1,1,0,male,135
1,18,0,2,1817,4,0,2,2,0,2,28,1,2,1,1,0,0,0,female,115
1,12,4,4,2141,0,1,0,2,2,2,35,1,2,0,1,0,0,0,male,148
1,48,1,8,3609,4,0,3,2,2,3,27,2,2,0,1,0,0,0,female,586
1,30,4,4,2333,2,3,2,2,0,0,30,0,2,0,0,0,0,0,male,483
1,28,1,1,7824,1,2,0,1,3,3,40,0,0,1,1,1,1,0,male,1715
2,18,1,4,1445,1,1,2,2,3,0,49,0,2,0,3,0,0,0,male,325
3,24,4,2,7721,1,2,3,2,0,1,30,1,2,0,1,0,1,1,female,624
3,21,4,5,3763,1,1,1,0,0,3,24,1,2,0,3,0,0,1,male,733
0,18,4,8,4439,4,3,3,0,2,3,33,0,2,0,0,0,1,0,male,416
3,12,4,4,1107,4,0,1,2,0,3,20,1,0,0,0,1,1,0,male,335
0,15,4,4,1444,1,2,2,2,2,1,23,1,2,0,1,0,0,0,male,301
0,48,1,5,12169,1,4,2,0,3,2,36,1,1,0,0,0,1,0,male,2157
1,9,4,4,2753,0,3,0,0,3,0,35,1,2,0,1,0,1,0,male,300
2,4,4,5,1494,1,2,3,2,0,3,29,1,2,0,3,1,0,1,male,226
3,24,1,2,2828,2,0,2,2,3,3,22,2,2,0,1,0,1,0,male,1113
3,24,1,2,2483,2,0,2,2,3,3,22,2,2,0,1,0,1,0,male,356
2,6,0,5,1299,4,0,3,2,2,3,74,1,2,2,2,1,0,1,male,99
0,9,4,5,1549,1,2,2,2,0,3,35,1,2,0,2,0,0,0,male,400
2,10,4,5,3949,4,2,3,1,2,1,37,1,2,0,3,1,0,0,male,385
1,10,4,1,2901,1,2,3,2,3,3,31,1,0,0,1,0,0,0,female,418
2,6,4,5,709,3,2,1,2,0,3,27,1,2,0,2,0,0,1,female,142
3,47,4,5,10722,4,2,3,2,2,3,35,1,2,0,3,0,1,0,female,1095
1,10,4,5,1287,1,3,2,0,0,1,45,1,2,0,3,0,0,1,male,553
3,18,1,4,1940,4,2,0,0,3,2,36,0,1,0,0,0,1,0,male,161
2,30,0,4,3656,1,3,2,2,3,1,49,2,2,1,3,0,0,0,male,882
1,24,3,1,4679,4,1,0,2,1,0,35,1,2,1,3,0,1,0,male,257
1,27,3,1,8613,3,0,1,2,0,0,27,1,2,1,1,0,0,0,male,2619
3,18,4,2,2659,3,0,2,2,0,0,28,1,2,0,1,0,0,0,male,286
1,24,0,4,1516,3,0,2,2,2,3,43,1,2,1,3,0,0,0,female,278
3,18,4,5,4380,0,0,0,2,3,0,35,1,2,0,3,1,1,0,male,766
1,14,3,5,802,4,0,2,2,0,0,27,1,2,1,3,0,0,0,male,113
1,21,4,8,1572,3,3,2,2,3,3,36,0,2,0,3,0,0,0,female,198
0,48,1,8,3566,0,1,2,2,0,0,30,1,2,0,1,0,0,0,male,310
1,24,4,4,1278,4,3,2,2,2,3,36,1,2,0,0,0,1,0,nonbinary/notreported,288
1,6,2,4,426,4,3,2,2,3,0,39,1,2,0,3,0,0,0,female,31
1,39,4,1,8588,0,3,2,2,0,0,45,1,2,0,0,0,1,0,male,298
3,30,4,1,3857,4,0,2,2,3,1,40,1,2,0,0,0,1,0,male,240
0,12,4,5,685,4,1,1,2,1,0,25,0,2,0,3,0,0,0,female,-268
3,24,4,4,1603,4,3,2,2,3,0,55,1,2,0,1,0,0,0,female,339
1,21,4,2,2241,4,3,2,2,0,3,50,1,2,1,1,0,0,0,male,86
3,24,4,4,2384,4,3,2,2,3,3,64,0,0,0,3,0,0,0,male,103
1,4,4,2,601,4,2,3,2,1,3,23,1,0,0,3,1,0,0,nonbinary/notreported,118
1,39,4,1,2569,2,0,2,2,3,0,24,1,2,0,1,0,0,0,male,809
1,15,0,4,1316,2,0,1,2,0,1,47,1,2,1,3,0,0,0,female,305
1,60,4,5,10366,4,3,1,2,3,1,42,1,2,0,0,0,1,0,male,1943
1,18,4,8,1568,0,0,0,2,3,1,24,1,0,0,3,0,0,0,female,189
1,18,0,4,629,2,3,2,2,1,1,32,0,2,1,0,0,1,0,male,141
1,6,1,4,1750,2,3,1,2,3,1,45,0,2,0,3,1,0,0,male,524
1,24,4,1,3488,0,1,0,2,3,0,23,1,2,0,1,0,0,0,female,1346
1,18,0,4,1800,4,0,2,2,0,0,24,1,2,1,1,0,0,0,male,507
1,24,3,2,4151,0,0,1,2,1,1,35,1,2,1,1,0,0,0,male,397
0,15,4,3,2631,0,0,0,2,0,3,25,1,2,0,3,0,0,0,female,459
1,21,4,1,5248,1,0,3,2,1,0,26,1,2,0,1,0,0,0,male,899
0,18,3,5,2899,1,3,2,2,3,0,43,1,2,0,1,1,0,0,male,246
0,18,3,3,6204,4,0,1,2,3,3,44,1,2,0,3,1,1,0,male,967
1,12,4,4,804,4,3,2,2,3,0,38,1,2,0,1,0,0,0,male,200
1,36,4,4,3595,4,3,2,2,0,0,28,1,2,0,1,0,0,0,nonbinary/notreported,307
1,36,0,1,5711,3,3,2,2,0,0,38,1,2,1,0,0,1,0,male,155
2,15,4,8,2687,4,1,1,2,3,1,26,1,0,0,1,0,1,0,male,667
3,15,3,2,3643,4,3,3,2,3,1,27,1,2,1,3,0,0,0,female,710
1,10,0,2,2146,4,2,3,2,1,3,23,1,0,1,1,0,0,0,female,749
3,10,4,4,2315,4,3,0,2,3,3,52,1,2,0,3,0,0,0,male,739
1,5,4,8,3448,4,1,3,2,3,3,74,1,2,0,3,0,0,0,male,1016
1,15,4,2,2708,4,2,1,2,1,1,27,0,2,1,3,0,0,0,male,444
1,11,0,5,1393,4,2,2,2,3,0,35,1,2,1,0,0,0,0,nonbinary/notreported,169
2,10,4,2,1275,4,2,2,2,0,1,23,1,2,0,1,0,0,0,female,22
1,9,4,2,1313,4,3,3,2,3,0,20,1,2,0,1,0,0,0,male,421
1,12,4,4,1493,4,2,2,2,1,0,34,1,2,0,1,1,0,0,female,346
1,22,4,4,2675,2,3,0,2,3,0,40,1,2,0,1,0,0,0,male,427
0,9,4,4,2118,4,0,1,2,0,3,37,1,2,0,3,1,0,0,male,422
1,36,4,5,909,2,3,2,2,3,1,36,1,2,0,1,0,0,0,male,224
1,12,0,2,1258,4,2,1,2,3,1,22,1,0,1,3,0,0,0,female,316
1,15,1,4,1569,0,3,2,2,3,0,34,0,2,0,3,1,0,0,male,453
1,6,4,1,1236,2,0,1,2,3,1,50,1,0,0,1,0,0,0,male,203
1,36,3,2,7678,2,1,1,2,3,0,40,1,2,1,1,0,1,0,female,1290
1,6,4,3,660,2,1,1,2,3,3,23,1,0,0,3,0,0,0,female,96
1,24,4,2,2835,2,3,0,2,3,1,53,1,2,0,1,0,0,0,male,204
1,24,4,1,2670,4,3,2,2,3,0,35,1,2,0,0,0,1,0,male,810
1,12,1,9,3447,2,0,2,2,1,3,35,1,2,0,3,1,0,0,nonbinary/notreported,961
1,15,4,4,3568,4,3,2,2,0,0,54,0,0,0,0,0,1,0,female,177
0,21,0,8,3652,4,1,1,2,1,1,27,1,2,1,1,0,0,0,male,599
3,24,4,4,3660,4,0,1,2,3,0,28,1,2,0,1,0,0,0,female,335
2,9,4,4,1126,0,3,1,2,3,3,49,1,2,0,1,0,0,0,male,167
2,6,3,4,683,4,2,1,2,2,1,29,0,2,0,1,0,0,0,female,75
2,12,4,2,2251,4,0,3,2,0,0,46,1,2,0,3,0,0,0,female,283
1,12,4,1,4675,1,2,3,2,3,0,20,1,0,0,1,0,0,0,female,1091
0,21,3,5,2353,4,0,3,2,3,1,47,1,2,1,1,0,0,0,male,619
3,21,4,4,3357,3,2,2,2,0,0,29,0,2,0,1,0,0,0,female,98
1,6,4,5,672,4,4,3,2,3,3,54,1,2,0,2,0,1,0,female,25
3,6,0,4,338,2,3,2,2,3,0,52,1,2,1,1,0,0,0,male,62
1,9,4,4,2697,4,0,3,2,0,3,32,1,2,0,1,1,0,0,male,350
1,9,4,5,2507,2,3,1,2,3,2,51,1,1,0,3,0,0,0,male,386
1,15,3,4,1478,4,0,2,2,1,3,33,0,2,1,1,0,0,0,female,99
1,12,0,7,3565,1,2,1,2,2,1,37,1,2,1,3,1,0,0,male,875
1,15,4,2,2221,2,0,1,2,3,0,20,1,0,0,1,0,0,0,female,606
1,6,0,4,1898,1,0,3,2,0,3,34,1,2,1,3,1,0,0,male,126
0,6,3,8,1449,0,3,3,2,0,0,31,0,2,1,1,1,0,0,male,531
1,15,3,2,960,3,1,0,2,0,1,30,1,2,1,1,0,0,0,female,66
1,36,4,1,8133,4,0,3,2,0,1,30,0,2,0,1,0,0,0,female,1777
1,9,4,2,2301,0,2,1,2,3,1,22,1,0,0,1,0,0,0,female,74
1,6,3,8,1743,0,0,3,2,0,3,34,1,2,1,3,0,0,0,male,76
0,12,4,2,983,3,2,3,2,3,3,19,1,0,0,3,0,0,0,female,292
1,18,3,4,2320,4,4,1,2,1,3,34,1,2,1,1,0,0,0,female,348
3,12,1,9,339,4,3,2,2,2,0,45,0,2,0,3,0,0,0,female,50
2,24,4,4,5152,4,1,2,2,0,0,25,0,2,0,1,0,0,0,male,732
2,24,4,2,3749,4,2,1,2,3,0,26,1,2,0,1,0,0,0,female,558
1,9,0,4,3074,1,0,3,2,0,3,33,1,2,1,1,1,0,0,male,439
2,9,4,4,745,4,0,0,2,0,3,28,1,2,0,3,0,0,0,female,-443
1,24,4,5,1469,0,3,2,2,3,3,41,1,0,0,3,0,0,0,female,285
3,6,4,2,1374,4,0,3,2,0,3,36,0,2,0,3,0,1,0,male,323
1,6,1,5,783,1,0,3,1,0,3,26,2,2,0,3,1,0,0,male,143
3,21,4,4,2606,4,2,2,2,3,1,28,1,0,0,0,0,1,0,female,330
1,54,2,1,9436,1,0,1,2,0,1,39,1,2,0,3,1,0,0,male,842
1,12,0,4,930,1,3,2,2,3,3,65,1,2,3,1,0,0,0,male,52
1,48,0,1,2751,1,3,2,2,1,0,38,1,2,1,1,1,1,0,male,617
1,6,0,5,250,3,0,1,2,0,3,41,0,2,1,3,0,0,0,female,31
0,24,4,5,1201,4,2,2,2,2,1,26,1,2,0,1,0,0,0,male,216
3,6,4,5,662,4,2,0,2,3,3,41,1,2,0,3,1,1,0,male,121
1,15,4,1,1300,1,3,2,2,3,2,45,0,1,0,1,1,0,0,male,151
1,24,1,8,1559,4,1,2,2,3,0,40,0,2,0,1,0,1,0,male,501
2,12,4,4,3016,4,0,0,2,2,0,24,1,2,0,1,0,0,0,female,179
1,15,0,4,1360,4,0,2,2,0,1,31,1,2,1,1,0,0,0,male,86
1,6,2,5,1204,0,0,2,2,2,2,35,0,0,0,1,0,0,1,male,363
1,10,4,5,1597,2,0,0,2,0,2,40,1,0,0,3,1,0,1,nonbinary/notreported,315
1,12,4,4,2073,0,0,2,0,0,3,28,1,2,0,1,0,0,0,female,794
1,11,4,8,2142,3,3,3,2,0,3,28,1,2,0,1,0,1,0,male,287
3,10,0,2,2132,1,2,1,0,1,3,27,1,0,1,1,0,0,1,female,270
1,10,4,5,1546,4,0,0,2,0,3,31,1,2,0,3,1,0,1,male,351
1,24,0,5,1287,3,3,2,2,3,3,37,1,2,1,1,0,1,0,female,70
1,10,4,5,1418,0,0,0,2,0,3,35,1,0,0,3,0,0,1,male,56
2,6,0,5,1343,4,3,3,2,3,3,46,1,2,1,1,1,0,1,male,114
1,18,4,5,2662,1,1,2,2,1,1,32,1,2,0,1,0,0,1,male,565
1,18,0,4,6070,4,3,0,2,3,0,33,1,2,1,1,0,1,0,male,396
1,24,0,7,1927,1,0,0,2,0,0,33,1,2,1,1,0,1,0,female,221
1,18,0,4,2404,4,0,1,2,0,0,26,1,2,1,1,0,0,0,female,638
1,6,0,4,1554,4,1,3,2,0,0,24,1,0,1,1,0,1,0,female,227
1,22,4,5,1283,1,1,2,2,3,1,25,1,0,0,1,0,0,0,female,241
1,24,3,5,717,1,3,2,2,3,0,54,1,2,1,1,0,1,0,female,71
3,24,4,2,1747,4,2,2,0,2,1,24,1,2,0,3,0,0,1,male,229
3,9,0,3,1288,0,3,0,1,3,3,48,1,2,1,1,1,0,1,male,336
3,10,0,5,1038,4,1,2,0,1,1,49,1,2,1,1,0,1,0,male,344
1,10,4,1,2848,0,0,3,0,0,3,32,1,2,0,1,1,0,0,male,638
1,12,4,1,1413,3,1,0,2,0,1,55,1,2,0,1,0,0,1,male,510
1,30,0,4,3077,1,3,0,2,0,0,40,1,2,1,1,1,1,0,male,349
3,24,1,1,3632,4,0,3,1,3,0,22,0,0,0,1,0,0,1,female,635
1,18,0,1,3229,1,4,1,2,3,2,38,1,2,0,0,0,1,0,male,162
1,9,4,5,3577,0,0,3,1,0,3,26,1,0,0,1,1,0,1,male,534
1,12,0,5,682,0,1,2,2,1,0,51,1,2,1,1,0,1,0,female,177
1,10,4,4,1924,4,0,3,2,3,1,38,1,2,0,1,0,1,1,male,563
1,10,4,7,727,2,3,2,2,3,2,46,1,1,0,1,0,1,0,male,219
2,10,0,5,781,4,3,2,2,3,2,63,1,1,1,1,0,1,0,male,208
3,12,0,5,2121,4,0,2,2,0,1,30,1,2,1,1,0,0,0,male,270
1,12,0,7,701,4,0,2,2,0,0,32,1,2,1,1,0,0,0,male,144
1,10,0,2,2069,1,0,1,2,2,0,26,1,2,1,1,0,0,1,female,440
1,24,4,5,1525,3,1,2,2,1,0,34,1,2,0,1,1,1,0,female,254
1,48,0,8,7629,1,3,2,2,0,0,46,0,2,1,0,1,0,0,male,1216
3,12,0,5,3499,4,0,0,0,0,3,29,1,2,1,1,0,0,0,female,-1246
1,6,4,4,1346,0,3,1,2,3,2,42,0,1,0,1,1,1,0,male,339
1,36,0,1,10477,1,3,1,2,3,2,42,1,1,1,1,0,0,0,male,4826
3,24,4,1,2924,4,0,0,1,3,2,63,0,2,0,1,1,1,0,male,797
1,10,0,5,1231,4,3,0,2,3,3,32,1,2,1,3,1,0,1,male,249
2,18,4,5,1961,4,3,0,2,0,0,23,1,2,0,0,0,0,0,female,214
1,15,0,5,5045,1,3,3,2,3,0,59,1,2,0,1,0,1,0,female,352
1,12,0,5,1255,4,3,2,2,3,3,61,1,2,1,3,0,0,0,male,206
3,12,4,2,1858,4,2,2,2,2,0,22,1,0,0,1,0,0,0,female,246
1,6,0,2,1221,1,0,3,2,0,1,27,1,2,1,1,0,0,0,female,216
1,9,4,2,1388,4,0,2,2,0,3,26,1,0,0,1,0,0,0,female,319
1,12,4,4,2279,1,0,2,2,3,2,37,1,1,0,1,0,1,0,male,508
1,12,2,2,2759,4,3,1,2,3,1,34,1,2,1,1,0,0,0,male,691
2,24,4,4,1258,2,0,0,2,1,0,57,1,2,0,3,0,0,0,female,214
0,12,2,9,1410,4,0,1,2,0,3,31,1,2,0,3,0,1,0,male,214
3,15,4,5,1403,4,0,1,2,3,0,28,1,0,0,1,0,0,0,female,130
3,24,4,2,3021,4,0,1,2,0,3,24,1,0,0,3,0,0,0,nonbinary/notreported,865
3,24,4,8,6568,4,0,1,2,0,0,21,2,2,0,3,0,0,0,female,625
1,24,0,4,2578,3,3,1,2,0,0,34,1,2,0,1,0,0,0,male,606
0,24,0,1,7758,3,3,1,2,3,2,29,1,0,0,1,0,0,0,female,782
3,6,4,6,343,4,2,2,2,2,3,27,1,2,0,1,0,0,0,female,46
1,21,3,2,1591,0,1,2,2,1,3,34,1,2,1,0,0,0,0,male,279
3,27,4,4,3416,4,0,0,2,0,0,27,1,2,0,0,0,0,0,male,916
3,12,2,3,1108,4,1,2,2,1,3,28,1,2,1,1,0,0,0,male,-479
0,27,3,1,5965,4,3,3,2,0,0,30,1,2,1,0,0,1,0,male,1683
0,15,4,3,1514,0,0,2,1,0,3,22,1,2,0,1,0,0,0,male,502
1,30,0,4,6742,1,1,1,2,1,1,36,1,2,1,1,0,0,0,male,356
3,18,4,2,3650,4,2,3,2,3,0,22,1,0,0,1,0,0,0,female,557
3,21,4,2,3599,4,1,3,2,3,0,26,1,0,0,3,0,0,0,female,1081
1,60,0,5,13756,1,3,1,2,3,2,63,0,1,0,0,0,1,0,male,1886
0,9,4,5,276,4,0,2,2,3,3,22,1,0,0,3,0,0,0,female,67
1,42,0,2,4041,2,0,2,2,3,3,36,1,2,1,1,0,1,0,male,789
0,9,4,4,458,4,0,2,2,1,3,24,1,2,0,1,0,0,0,male,95
0,9,4,2,918,4,0,2,2,2,1,30,1,2,0,1,0,0,0,female,-664
1,24,4,5,7393,4,0,3,2,3,1,43,1,2,0,3,1,0,0,male,541
2,10,4,6,1225,4,0,1,2,0,0,37,1,2,0,1,0,1,0,male,293
3,24,4,1,2812,1,3,1,2,3,3,26,1,0,0,1,0,0,0,female,297
1,15,4,1,3029,4,1,1,2,0,0,33,1,2,0,1,0,0,0,male,531
2,12,0,5,1480,2,4,1,2,3,2,66,0,1,2,2,0,0,0,nonbinary/notreported,295
2,6,0,7,1047,4,0,1,2,3,1,50,1,2,0,3,0,0,0,female,243
1,15,0,4,1471,4,0,2,2,3,2,35,1,1,1,1,0,1,0,male,444
1,24,4,2,5511,0,0,2,2,2,0,25,2,2,0,1,0,0,0,male,947
0,9,4,4,1206,4,3,2,2,3,3,25,1,2,0,1,0,0,0,female,326
0,24,3,4,6403,4,2,3,2,0,0,33,1,2,0,1,0,0,0,male,985
1,12,4,4,707,4,0,2,2,0,3,30,0,2,1,1,0,0,0,male,82
1,12,3,1,1503,4,0,2,2,3,3,41,1,0,0,1,0,0,0,female,323
0,12,4,5,6078,4,1,1,2,0,0,32,1,2,0,1,0,0,0,male,908
0,27,4,8,2528,4,2,2,2,2,1,32,1,2,0,1,1,1,0,female,133
0,12,4,8,1037,0,1,0,2,3,3,39,1,2,0,3,0,0,0,male,246
3,6,4,1,1352,2,4,3,2,0,1,23,1,0,0,2,0,1,0,nonbinary/notreported,138
1,24,4,4,3181,4,2,2,2,3,1,26,1,2,0,1,0,1,0,female,99
1,18,4,4,4594,4,2,0,2,0,0,32,1,2,0,1,0,1,0,male,573
0,48,4,0,5381,1,4,0,2,3,2,40,0,1,0,2,0,1,0,male,1039
1,15,4,1,4657,4,0,0,2,0,0,30,1,2,0,1,0,1,0,male,1216
0,9,4,8,1391,4,0,1,2,2,3,27,0,2,0,1,0,1,0,female,267
0,18,4,8,1913,3,2,0,2,1,3,36,0,2,0,1,0,1,0,female,288
1,42,4,4,7166,1,1,1,2,3,1,29,1,0,0,1,0,1,0,female,1525
1,13,4,4,1409,0,4,1,2,3,3,64,1,2,0,1,0,0,0,female,31
1,24,3,8,2978,1,0,2,2,3,3,32,1,2,1,1,1,1,0,male,455
1,12,0,4,976,1,3,2,2,3,0,35,1,2,1,1,0,0,0,nonbinary/notreported,196
1,24,3,8,2375,2,0,2,2,0,0,44,1,2,1,1,1,1,0,male,501
1,12,0,4,522,2,3,2,2,3,1,42,1,2,1,1,1,1,0,male,125
1,28,0,4,2743,4,3,2,2,0,0,29,1,2,1,1,0,0,0,male,461
1,11,0,4,1154,0,4,2,2,3,3,57,1,2,2,3,0,0,0,female,206
1,24,0,1,5804,3,0,2,2,0,3,27,1,2,1,1,0,0,0,male,2195
1,18,0,4,1169,1,0,2,2,1,1,29,1,2,1,1,0,1,0,male,347
3,15,0,2,1478,4,3,2,2,3,0,44,1,2,1,1,1,1,0,male,58
1,12,4,4,776,4,0,2,2,0,3,28,1,2,0,1,0,0,0,female,39
0,11,0,5,1322,3,0,2,2,3,0,40,1,2,1,1,0,0,0,female,108
0,16,0,5,1175,4,4,1,2,1,0,68,1,1,2,2,0,1,0,male,321
1,12,4,5,2133,1,3,2,2,3,2,52,1,1,0,0,0,1,0,female,584
1,15,0,4,1829,4,3,2,2,3,0,46,1,2,1,1,0,1,0,male,190
1,12,0,4,717,4,3,2,2,3,3,52,1,2,2,1,0,0,0,male,59
0,39,3,7,11760,0,1,1,2,1,2,32,1,0,0,1,0,1,0,male,328
0,9,0,7,1501,4,3,1,2,1,0,34,1,2,1,0,0,1,0,female,-197
3,12,4,7,1200,1,0,2,2,3,1,23,0,0,0,1,0,1,0,female,67
0,9,4,5,3195,1,0,3,2,0,3,33,1,2,0,3,0,0,0,female,521
1,30,0,4,4530,4,1,2,2,3,0,26,1,0,0,0,0,1,0,female,244
1,12,3,3,1555,3,3,2,2,3,2,55,1,1,1,1,1,0,0,male,-531
0,15,0,8,2326,2,0,1,2,3,0,27,0,2,0,1,0,0,0,male,300
0,18,0,8,1887,1,0,2,2,3,3,28,0,2,1,1,0,0,0,female,579
1,12,0,8,1264,1,3,2,2,3,2,57,1,0,0,3,0,0,0,male,324
1,7,3,4,846,1,3,0,2,3,2,36,1,1,0,1,0,0,0,male,75
1,15,0,7,1532,0,0,2,2,1,0,31,1,2,0,1,0,0,0,female,159
1,6,3,4,935,4,0,0,2,0,3,24,1,2,0,1,0,0,0,female,115
3,27,0,8,2442,4,3,2,2,3,0,43,2,2,3,0,1,1,0,nonbinary/notreported,407
0,18,0,8,3590,4,4,0,2,1,0,40,1,2,2,2,1,1,0,female,470
1,21,0,2,2288,4,2,2,2,3,1,23,1,2,0,1,0,1,0,female,327
1,27,3,8,5117,4,1,0,2,3,0,26,1,2,1,1,0,0,0,male,307
3,39,0,2,14179,1,1,2,2,3,1,30,1,2,1,0,0,1,0,male,1906
1,15,4,4,1386,1,0,2,2,0,3,40,1,0,0,1,0,1,0,female,206
1,12,0,4,618,4,3,2,2,3,3,56,1,2,0,1,0,0,0,male,166
1,12,4,2,1574,4,0,2,2,0,3,50,1,2,0,1,0,0,0,male,236
1,6,0,4,700,1,3,2,2,3,2,36,1,1,1,1,0,0,0,male,203
1,12,4,4,886,1,0,2,2,0,0,21,1,2,0,1,0,0,0,female,197
1,36,4,1,4686,4,0,1,2,0,2,32,1,1,0,0,0,1,0,male,1158
0,9,4,4,790,2,0,2,2,1,3,66,1,2,0,3,0,0,0,female,108
0,12,4,4,766,2,0,2,2,1,3,66,1,2,0,3,0,0,0,male,-338
3,20,4,2,2212,1,1,2,2,3,0,39,1,2,0,1,0,1,0,male,617
0,10,4,5,7308,4,4,1,2,3,2,70,0,1,0,0,0,1,0,male,1871
0,24,0,7,5743,4,2,1,2,3,2,24,1,1,1,1,0,1,0,female,1400
3,14,4,5,3973,4,4,3,2,3,2,22,1,1,0,1,0,0,0,nonbinary/notreported,754
0,60,3,4,7418,1,0,3,2,2,3,27,1,2,0,3,0,0,0,male,446
0,20,3,0,2629,4,0,1,2,1,0,29,0,2,1,1,0,1,0,male,231
0,18,4,8,1941,3,0,2,2,0,1,35,1,2,0,3,0,1,0,male,393
0,24,3,2,2333,1,2,2,2,0,1,29,0,2,0,3,0,0,0,male,687
1,12,4,1,2445,1,2,1,2,3,0,26,1,0,0,1,0,1,0,female,672
0,20,4,1,6468,1,4,3,2,3,3,60,1,2,0,0,0,1,0,male,370
0,18,0,2,7374,4,4,2,2,3,1,40,2,2,1,0,0,1,0,male,2153
1,15,4,1,3812,0,2,3,2,3,0,23,1,2,0,1,0,1,0,female,1411
3,28,4,5,4006,4,0,0,2,0,0,45,1,2,0,3,0,0,0,male,-410
0,12,4,5,7472,1,4,3,2,0,3,24,1,0,0,2,0,0,0,female,498
2,12,4,2,1424,1,3,0,2,3,3,55,1,2,0,0,0,1,0,female,247
0,12,4,1,2028,1,0,2,2,0,0,30,1,2,0,1,0,0,0,nonbinary/notreported,434
1,15,4,5,5324,2,3,3,2,3,2,35,1,1,0,1,0,0,0,female,69
0,36,4,4,2323,4,1,2,2,3,0,24,1,0,0,1,0,0,0,male,617
1,12,4,7,1393,4,3,2,2,3,1,47,0,2,2,1,1,1,0,male,87
1,18,4,2,1984,4,0,2,2,3,2,47,0,1,1,1,0,0,0,male,118
1,24,4,4,999,1,3,2,2,0,0,25,1,2,1,1,0,0,0,male,217
1,36,4,8,7409,1,3,0,2,0,1,37,1,2,1,1,0,0,0,male,124
1,15,4,2,2186,1,1,3,2,3,3,33,0,0,0,3,0,0,0,female,263
2,36,4,4,4473,4,3,2,2,0,0,31,1,2,0,1,0,0,0,male,756
1,24,4,9,937,4,2,2,2,1,0,27,1,2,1,3,0,0,0,female,121
1,18,4,2,3422,4,3,2,2,3,1,47,0,2,2,1,1,1,0,male,426
1,24,4,4,3105,1,2,2,2,0,0,25,1,2,1,1,0,0,0,male,370
1,12,0,7,2748,4,3,1,2,3,2,57,0,1,2,3,0,0,0,female,499
0,18,4,3,3872,4,4,1,2,3,0,67,1,2,0,1,0,1,0,female,147
1,27,4,3,5190,1,3,2,2,3,1,48,1,2,3,1,1,1,0,male,1134
0,18,4,2,3001,4,1,1,2,3,3,40,1,0,0,1,0,0,0,female,278
1,24,3,8,3863,4,0,3,2,0,2,32,1,1,0,1,0,0,0,male,1452
1,12,0,2,5801,1,3,1,2,3,1,49,1,0,0,1,0,1,1,nonbinary/notreported,990
1,12,0,2,1592,3,1,0,2,0,1,35,1,2,0,1,0,0,0,female,372
1,12,0,8,1185,4,0,0,2,0,3,27,1,2,1,1,0,0,0,female,74
1,18,0,2,3780,4,2,0,2,0,0,35,1,2,1,0,0,1,0,male,462
0,18,0,2,3612,4,3,0,2,3,1,37,1,2,0,1,0,1,1,female,590
1,12,4,8,1076,4,0,1,2,0,3,26,1,2,0,1,0,1,0,female,36
1,12,4,5,3527,1,2,1,2,1,1,45,1,2,0,0,1,1,0,male,543
1,18,4,4,2051,4,2,2,2,2,3,33,1,2,0,1,0,0,0,male,412
1,12,0,2,3331,4,3,1,2,3,1,42,2,2,0,1,0,0,0,male,656
3,18,2,8,3104,4,1,0,2,2,1,31,0,2,0,1,0,1,0,male,430
1,24,0,4,2611,4,3,2,0,1,3,46,1,2,1,1,0,0,0,nonbinary/notreported,429
3,12,0,1,1409,4,3,2,2,1,3,54,1,2,0,1,0,0,0,male,202
1,24,4,4,1311,0,1,2,2,1,1,26,1,2,0,1,0,1,0,female,200
1,6,4,4,2108,4,1,1,2,0,3,29,1,0,0,1,0,0,0,female,258
1,24,0,1,4042,1,1,0,2,3,1,43,1,2,1,1,0,1,0,male,484
1,12,0,5,926,4,4,3,2,0,1,38,1,2,0,2,0,0,0,female,172
3,12,4,4,1680,2,3,0,2,2,3,35,1,2,0,1,0,0,0,female,312
1,24,4,5,1249,4,2,2,2,0,3,28,1,2,0,1,0,0,0,female,117
1,24,0,5,2463,0,1,2,2,1,1,27,1,2,1,1,0,1,0,female,130
1,6,4,4,1595,4,1,0,2,0,1,51,1,2,0,1,1,0,0,male,239
1,24,0,3,2058,4,0,2,2,0,3,33,1,2,1,1,0,1,0,male,229
1,24,4,1,7814,4,1,0,2,1,0,38,1,2,0,0,0,1,0,nonbinary/notreported,2094
1,6,0,4,1740,4,3,1,2,0,3,30,1,0,1,1,0,0,0,female,164
1,12,0,4,1240,1,3,2,2,0,3,38,1,2,1,1,0,1,0,female,155
1,24,0,1,6842,1,0,1,2,3,1,46,1,2,1,0,1,1,0,male,612
1,24,0,2,5150,4,3,2,2,3,0,33,1,2,0,1,0,1,0,male,1508
3,6,4,5,1203,0,3,0,2,0,1,43,1,2,0,1,0,1,0,male,297
1,6,0,5,2080,2,0,3,2,0,0,24,1,2,0,1,0,0,0,female,570
1,6,4,7,1538,4,2,3,2,0,2,56,1,2,0,1,0,0,0,female,191
0,24,0,5,3878,0,2,2,2,0,0,37,1,2,0,1,0,1,0,male,395
0,30,4,2,3832,4,2,1,2,2,1,22,1,2,0,1,0,0,0,female,805
1,15,4,5,3186,3,1,1,2,1,0,20,1,0,0,1,0,0,0,female,625
0,24,4,4,2896,0,2,1,2,2,0,29,1,2,0,1,0,0,0,male,251
0,24,3,8,6967,0,1,2,2,3,0,36,1,0,0,0,0,1,0,male,943
1,36,4,7,1819,4,0,2,2,3,2,37,2,1,0,1,0,1,0,nonbinary/notreported,-972
1,24,4,4,5943,1,2,3,2,2,0,44,1,2,1,1,0,1,0,female,-1961
1,36,0,2,7127,4,2,1,2,3,1,23,1,0,1,1,0,1,0,female,-2523
1,36,4,2,3349,4,0,2,2,0,0,28,1,2,0,0,0,1,0,female,-1492
1,36,4,2,10974,4,4,2,2,0,0,26,1,2,1,0,0,1,0,female,-4369
1,6,4,4,518,4,0,0,2,2,3,29,1,2,0,1,0,0,0,female,50
1,18,4,4,1126,1,2,2,2,0,3,21,1,0,0,1,0,1,0,female,203
0,12,0,1,1860,4,4,2,2,0,0,34,1,2,1,0,0,1,0,male,346
1,36,0,4,9566,4,0,1,2,0,0,31,2,2,1,1,0,0,0,female,2312
3,12,4,4,701,4,0,2,2,0,3,40,1,2,0,3,0,0,0,female,27
0,12,4,4,2930,4,1,1,2,2,3,27,1,2,0,1,0,0,0,female,1125
1,18,4,4,1505,4,0,2,2,0,2,32,1,1,0,0,0,1,0,male,348
1,18,0,4,2238,4,0,1,2,2,0,25,1,2,1,1,0,0,0,female,629
1,4,0,4,1503,4,1,1,2,2,3,42,1,2,1,3,1,0,0,male,617
1,24,0,1,2197,1,1,2,2,3,0,43,1,2,1,1,1,1,0,male,363
2,12,4,4,1881,4,0,1,2,0,0,44,1,0,0,3,0,1,0,female,367
3,18,0,4,1880,4,1,2,2,2,1,32,1,2,1,0,0,1,0,female,305
3,18,4,4,2389,4,2,2,2,2,0,27,2,2,0,1,0,0,0,female,288
0,24,4,4,1967,4,3,2,2,3,0,20,1,2,0,1,0,1,0,female,82
1,4,0,5,3380,4,1,3,2,2,3,37,1,2,0,1,1,0,0,female,509
1,4,0,5,1455,4,1,1,2,2,3,42,1,2,2,3,1,0,0,male,259
1,7,0,4,730,1,3,2,2,0,1,46,1,0,1,3,0,1,0,male,236
0,18,2,2,3244,4,0,3,2,3,0,33,0,2,1,1,0,1,0,female,909
0,9,4,4,1670,4,2,2,2,0,0,22,1,2,0,1,0,1,0,female,-628
0,48,4,4,3979,1,1,2,2,2,0,41,1,2,1,1,1,1,0,nonbinary/notreported,934
0,12,4,2,1922,4,0,2,2,0,1,37,1,2,0,3,0,0,0,male,-304
0,18,0,2,1295,4,2,2,2,2,1,27,1,2,1,1,0,0,0,female,146
1,4,0,4,1544,4,1,1,2,2,3,42,1,2,2,3,1,0,0,male,290
0,8,4,8,907,4,2,0,2,0,3,26,1,2,0,1,0,1,0,female,161
0,30,4,4,1715,1,0,2,2,2,0,26,1,2,0,1,0,0,0,female,248
2,10,0,4,1347,1,1,2,2,0,1,27,1,2,1,1,0,1,0,male,456
0,12,4,5,1007,3,0,2,2,2,3,22,1,2,0,1,0,0,0,female,95
1,12,0,2,1402,2,1,0,2,3,0,37,1,0,0,1,0,1,0,female,250
0,12,4,5,2002,4,1,0,2,3,1,30,1,0,0,1,1,1,0,male,523
1,12,0,7,2096,4,1,1,2,1,3,49,1,2,0,3,1,0,0,male,468
1,12,4,5,1101,4,0,0,2,0,3,27,1,2,1,1,0,1,0,female,145
1,10,4,9,894,1,1,2,2,1,1,40,1,2,0,1,0,1,0,female,230
0,11,4,2,1577,3,2,2,2,2,3,20,1,2,0,1,0,0,0,female,325
1,33,3,8,2764,4,0,1,2,0,0,26,1,2,1,1,0,1,0,female,195
0,48,2,5,8358,2,2,3,2,2,0,30,1,2,1,1,0,0,0,female,135
2,12,4,2,1474,4,2,2,2,2,1,33,0,2,0,0,0,1,0,female,162
1,24,4,1,5433,1,4,1,2,3,1,26,1,0,0,0,0,1,0,female,291
0,14,4,8,1410,2,3,3,2,0,3,35,1,2,0,1,0,1,0,female,51
1,20,0,5,3485,1,2,1,2,3,3,44,1,2,1,1,0,1,0,male,860
1,18,0,1,3850,4,1,0,2,2,0,27,1,2,1,1,0,0,0,nonbinary/notreported,1137
0,60,4,5,7408,0,2,2,2,0,1,24,1,2,0,0,0,0,0,female,-2527
2,24,4,4,1377,0,3,2,2,0,2,47,1,1,0,1,0,1,0,female,593
1,30,3,8,4272,0,0,1,2,0,1,26,1,2,1,3,0,0,0,male,757
0,24,3,4,1553,0,1,0,2,0,1,23,1,0,1,1,0,1,0,female,402
0,36,3,8,9857,0,1,3,2,1,1,31,1,2,1,3,1,1,0,male,2481
1,6,0,5,362,0,0,2,2,3,0,52,1,2,1,3,0,0,0,female,84
1,12,0,2,1935,4,3,2,2,3,3,43,1,2,2,1,0,1,0,male,50
1,48,4,4,10222,1,1,2,2,1,0,37,2,2,0,1,0,1,0,male,1506
2,12,4,5,1330,4,2,2,2,2,3,26,1,2,0,1,0,0,0,male,113
1,36,4,7,9055,1,0,1,2,3,2,35,1,1,0,3,1,1,0,male,1139
0,26,4,1,7966,4,2,1,2,1,0,30,1,2,1,1,0,0,0,male,1045
0,30,1,2,3496,3,0,2,2,0,0,34,2,2,0,1,1,1,0,male,815
0,36,4,1,6948,4,0,1,2,0,0,35,1,0,0,0,0,1,0,male,1406
0,48,2,8,12204,1,0,1,2,0,0,48,0,2,0,0,0,1,0,male,512
3,36,4,2,3446,4,3,2,2,0,0,42,1,2,0,1,1,0,0,male,-212
3,12,4,7,684,4,0,2,2,3,0,40,1,0,0,3,1,0,0,male,-265
3,33,0,2,4281,2,0,3,2,3,0,23,1,2,1,1,0,0,0,female,-416
3,42,4,4,7174,1,1,2,2,1,0,30,1,2,0,0,0,1,0,female,-2163
3,24,1,4,1546,4,1,2,1,3,0,24,0,0,0,3,0,0,0,male,-76
3,24,4,2,2359,0,4,3,2,2,1,33,1,2,0,1,0,0,0,male,-1497
1,24,4,4,3621,0,3,1,2,3,0,31,1,2,1,1,0,0,0,male,-989
3,12,4,6,741,0,4,2,2,1,1,22,1,2,0,1,0,0,0,female,-376
3,12,4,2,7865,4,3,2,2,3,2,53,1,1,0,0,0,1,0,male,-3906
3,24,4,1,2910,4,1,1,2,2,2,34,1,1,0,0,0,1,0,male,510
3,18,0,5,5302,4,3,1,2,3,2,36,1,1,2,0,0,1,0,nonbinary/notreported,1641
3,36,4,2,3620,4,0,3,1,0,1,37,1,2,0,1,1,0,0,male,795
3,18,4,4,3509,4,1,2,1,2,3,25,1,2,0,1,0,0,0,female,651
0,12,4,2,3017,4,2,0,2,2,3,34,1,0,0,0,0,0,0,female,521
3,12,4,2,1657,4,0,1,2,0,3,27,1,2,0,1,0,0,0,male,150
3,8,0,0,1164,4,3,0,2,3,2,51,0,1,1,0,1,1,0,male,377
3,36,0,2,6229,4,2,2,0,3,2,23,1,0,1,3,0,1,0,female,-2098
3,24,1,5,1193,4,4,3,0,3,2,29,1,0,1,2,0,0,0,female,-214
3,30,2,2,4583,4,0,1,1,0,3,32,1,2,1,1,0,0,0,male,834
3,36,0,2,5371,4,0,0,1,0,1,28,1,2,1,1,0,0,0,male,1735
3,12,4,2,708,4,0,1,1,1,1,38,1,2,0,3,1,0,0,male,142
3,21,0,5,571,4,3,2,2,3,3,65,1,2,1,1,0,0,0,male,125
3,30,4,4,2522,4,3,3,1,1,1,39,1,2,0,1,1,0,0,nonbinary/notreported,595
3,36,4,2,5179,4,1,2,2,0,1,29,1,2,0,1,0,0,0,male,-4029
3,36,4,1,8229,4,0,1,2,0,1,26,1,2,0,1,1,0,0,male,-2911
1,24,0,2,2028,4,1,1,2,0,1,30,1,2,1,3,0,0,0,male,608
3,6,4,5,1374,1,4,2,2,1,1,75,1,2,0,0,0,1,0,female,273
3,12,4,2,1289,4,0,2,1,2,1,21,1,2,0,3,0,0,0,male,131
3,36,4,2,2712,4,3,1,2,0,1,41,0,2,0,1,1,0,0,male,-118
3,15,0,2,975,4,0,1,2,1,1,25,1,2,1,1,0,0,0,male,253
0,6,3,2,1050,4,4,2,2,2,1,35,2,2,1,0,0,1,1,male,343
3,6,0,5,609,4,1,2,2,1,1,37,1,2,1,1,0,0,0,female,47
3,48,4,1,4788,4,1,2,2,1,1,26,1,2,0,1,1,0,0,male,452
0,24,4,2,3069,0,3,2,2,3,2,30,1,1,0,1,0,0,0,male,472
0,12,4,5,836,0,2,2,2,0,1,23,0,2,0,3,0,0,0,female,-208
3,12,4,2,2577,4,0,1,2,2,0,42,1,2,0,1,0,0,0,male,198
3,12,4,2,1620,4,0,1,0,1,1,30,1,2,0,1,0,0,0,female,403
3,15,4,2,1845,4,2,2,1,2,1,46,1,0,0,1,0,0,0,female,16
3,24,4,1,6579,4,4,2,2,0,2,29,1,1,0,0,0,1,0,male,691
3,12,4,5,1893,4,0,2,1,3,1,29,1,2,0,1,0,1,0,female,112
3,30,0,1,10623,4,3,0,2,3,2,38,1,1,2,0,1,1,0,male,690
3,18,4,5,2249,0,1,2,2,1,0,30,1,2,0,0,1,1,0,male,782
3,30,4,2,3108,4,2,1,2,3,1,31,1,2,0,3,0,0,0,male,-512
0,12,0,5,958,4,1,1,2,1,3,47,1,2,1,3,1,0,0,male,436
1,24,4,1,9277,1,0,1,2,3,2,48,1,1,0,1,0,1,0,male,923
1,24,0,0,6314,4,4,2,0,0,2,27,0,2,1,0,0,1,0,male,1492
3,12,0,1,1526,4,3,2,2,3,2,66,1,1,1,0,0,0,0,male,110
3,12,4,2,3590,4,0,1,0,0,1,29,1,2,0,3,1,0,0,male,453
3,24,0,1,6615,4,4,1,2,3,2,75,1,1,1,0,0,1,0,male,1168
3,6,0,2,1872,4,4,2,2,3,2,36,1,1,2,0,0,1,0,male,71
1,12,4,5,2859,1,4,2,2,3,2,38,1,2,0,0,0,1,0,male,327
1,18,0,4,1582,3,3,2,2,3,0,46,1,2,1,1,0,0,0,male,460
1,6,4,9,1238,1,4,2,2,3,1,36,1,2,0,0,1,1,0,male,276
3,12,4,2,2578,4,4,0,2,3,2,55,1,1,0,0,0,0,0,female,189
3,15,0,2,1433,4,0,2,2,1,1,25,1,0,1,1,0,0,0,female,2
3,42,4,2,7882,4,1,1,1,3,1,45,1,1,0,1,1,0,0,male,2991
3,24,4,2,4169,4,0,2,2,3,1,28,1,2,0,1,0,0,0,male,810
3,36,4,2,3959,4,4,2,2,1,1,30,1,2,0,0,0,1,0,male,844
3,36,4,5,3249,4,1,1,2,3,2,39,0,1,0,0,1,1,0,male,1314
3,24,4,2,3149,4,2,2,2,2,2,22,0,1,0,1,0,0,0,male,237
3,12,0,2,2246,4,3,0,2,1,1,60,1,2,1,1,0,0,0,male,-549
3,13,0,8,1797,4,2,0,2,2,1,28,0,2,1,3,0,0,0,male,464
3,20,0,2,4272,4,3,3,2,3,1,24,1,2,1,1,0,0,0,female,778
3,24,0,1,2957,4,3,2,2,3,1,63,1,2,1,1,0,1,0,male,429
3,36,0,2,2348,4,0,0,2,0,1,46,1,2,1,1,0,1,0,female,316
2,42,2,8,6289,4,2,1,2,2,1,33,1,2,1,1,0,0,0,nonbinary/notreported,577
3,24,0,1,6419,4,3,1,2,3,2,44,1,1,1,0,1,1,0,female,1372
3,48,0,1,6143,4,3,2,2,3,2,58,2,1,1,3,0,0,0,female,-3646
1,24,0,7,1597,4,3,2,2,3,2,54,1,1,1,1,1,0,0,male,211
3,36,4,0,15857,4,4,1,0,1,0,43,1,2,0,0,0,0,0,male,1798
1,24,0,4,2223,0,3,2,2,3,1,52,0,2,1,1,0,0,0,male,837
1,48,3,4,7238,1,3,0,2,1,0,32,0,2,1,1,1,0,0,male,840
0,30,3,8,2503,0,3,2,2,0,1,41,2,2,1,1,0,0,0,nonbinary/notreported,431
0,18,4,8,2622,0,0,2,2,3,0,34,1,2,0,1,0,0,0,male,702
0,24,4,2,4351,1,0,3,2,3,1,48,1,2,0,3,0,1,0,female,216
0,6,4,4,368,1,3,2,2,3,1,38,1,2,0,1,0,0,0,male,79
0,12,4,9,754,1,3,2,2,3,1,38,1,2,1,1,0,0,0,male,197
1,24,0,4,2424,1,3,2,2,3,1,53,1,2,1,1,0,0,0,male,595
0,48,3,8,6681,1,0,2,2,3,2,38,1,1,0,1,1,1,0,male,1610
0,18,3,8,2427,1,3,2,2,0,1,42,1,2,1,1,0,0,0,nonbinary/notreported,94
0,24,0,4,1216,0,2,2,2,3,2,38,0,2,1,1,1,0,0,male,56
0,6,4,4,753,4,0,1,1,1,3,64,1,2,0,1,0,0,0,female,24
0,7,4,4,2576,4,0,1,1,0,3,35,1,2,0,1,0,0,1,male,867
0,6,4,4,590,4,2,0,2,1,3,26,1,2,0,3,0,0,1,female,110
0,8,4,4,1414,4,0,2,1,0,3,33,1,2,0,1,0,0,1,male,319
0,12,4,4,1103,4,1,2,1,1,3,29,1,2,1,1,0,0,0,male,161
0,12,3,4,585,4,0,2,0,3,3,20,1,0,1,1,0,0,0,female,38
0,6,4,4,1068,4,3,2,2,3,0,28,1,2,0,1,1,0,0,male,131
3,8,0,5,713,4,3,2,2,3,3,47,1,2,1,3,0,0,0,male,325
0,12,4,4,1092,4,0,2,1,3,3,49,1,2,1,1,0,1,0,female,84
0,7,4,4,2329,4,2,3,1,2,3,45,1,2,0,1,0,0,0,female,301
0,13,0,4,882,4,2,2,1,3,3,23,1,2,1,1,0,0,0,male,250
0,18,4,4,866,4,0,2,1,0,3,25,1,2,0,3,0,0,0,female,177
0,7,4,4,2415,4,0,0,1,0,3,34,1,2,0,1,0,0,0,male,872
0,13,4,4,2101,4,2,1,1,3,1,23,1,2,0,3,0,0,0,female,273
0,18,4,4,1301,4,3,2,1,0,3,32,1,2,0,3,0,0,0,female,96
0,18,4,4,1113,4,0,2,1,3,3,26,1,2,0,3,1,0,0,female,217
0,8,4,4,760,4,1,2,1,0,3,44,1,2,0,3,0,0,0,female,62
0,12,4,4,625,4,2,2,1,2,3,26,0,2,0,3,0,0,0,female,228
2,6,0,5,1323,0,3,1,2,3,0,28,1,2,1,1,1,1,0,male,155
3,9,0,4,1138,4,0,2,2,3,3,25,1,2,1,3,0,0,0,nonbinary/notreported,301
0,18,0,4,1795,4,3,0,1,3,3,48,0,0,1,3,0,1,0,female,7
0,15,0,4,2728,1,1,2,1,0,3,35,0,2,2,1,0,1,0,male,685
0,6,4,4,484,4,1,0,1,1,3,28,0,2,0,3,0,0,0,female,155
0,10,1,4,1048,4,0,2,2,3,3,23,2,2,0,3,0,0,0,male,310
0,12,4,4,1155,4,3,0,1,1,3,40,0,2,1,3,0,0,0,female,234
0,20,3,1,7057,1,1,0,2,3,1,36,0,0,1,0,1,1,0,male,524
0,15,0,4,1537,1,3,2,1,3,3,50,1,2,1,1,0,1,0,male,352
3,12,4,4,2214,4,0,2,2,1,1,24,1,2,0,3,0,0,0,male,745
1,24,0,2,1585,4,1,2,2,1,1,40,1,2,1,1,0,0,0,male,575
0,10,4,2,1521,4,0,2,2,0,0,31,1,2,0,3,0,0,0,male,374
0,36,1,6,3990,1,2,0,2,0,2,29,0,2,0,2,0,0,0,female,342
2,18,4,2,3049,4,2,3,2,2,1,45,2,2,0,3,0,0,0,female,382
3,24,4,4,1282,0,0,2,2,0,0,32,1,2,0,3,0,0,0,female,-225
1,60,4,4,10144,0,1,1,2,3,3,21,1,2,0,1,0,1,0,nonbinary/notreported,3613
3,12,4,5,1168,4,0,2,2,1,3,27,1,2,0,3,0,0,0,female,149
0,6,4,3,454,4,2,0,2,2,1,22,1,2,0,3,0,0,0,female,82
1,15,3,1,3594,4,2,3,2,0,1,46,1,2,1,3,0,0,0,female,429
1,12,4,2,1768,4,0,0,2,0,3,24,1,0,0,3,0,0,0,male,59
1,60,3,4,15653,4,1,1,2,3,0,21,1,2,1,1,0,1,0,male,4393
2,12,3,5,2247,4,0,1,2,0,0,36,2,2,1,1,0,1,0,female,227
1,24,4,4,1413,4,0,2,2,0,1,28,1,2,0,1,0,0,0,female,185
0,45,0,1,4576,0,4,0,2,3,0,27,1,2,0,1,0,0,0,male,325
3,24,0,4,1231,3,3,2,2,3,1,57,1,0,1,0,0,1,0,female,237
3,36,4,1,8335,1,3,0,2,3,2,47,1,1,0,1,0,0,0,male,30
0,36,0,1,5800,4,0,0,2,3,0,34,1,2,1,1,0,1,0,male,2042
3,18,3,7,8471,1,0,3,2,0,0,23,1,0,1,1,0,1,0,female,118
3,30,4,2,3622,3,3,2,2,3,1,57,1,0,1,1,0,1,0,female,245
3,6,0,4,1169,1,3,2,2,3,3,67,1,2,1,1,0,1,0,male,181
1,15,4,6,1262,2,1,2,2,1,1,36,1,2,1,1,0,1,0,male,304
2,24,0,2,3617,1,3,2,0,3,2,20,1,0,1,1,0,0,0,male,728
0,30,0,5,2181,1,3,2,2,3,3,36,1,2,1,1,0,0,0,male,606
3,48,1,8,7685,4,1,1,1,3,0,37,1,0,0,1,0,0,0,female,-4881
1,48,0,7,6110,4,0,3,2,1,2,31,0,1,0,1,0,1,0,nonbinary/notreported,1204
1,24,4,5,3757,4,3,2,0,3,2,62,1,1,0,1,0,1,0,female,909
3,42,0,3,3394,4,4,2,0,3,0,65,1,2,1,2,0,0,0,male,493
1,36,0,8,6304,1,3,2,2,3,3,36,1,2,1,1,0,0,0,male,370
1,9,0,7,1244,1,3,2,2,3,1,41,1,0,1,3,0,0,0,nonbinary/notreported,185
1,6,4,5,3518,4,0,1,1,1,1,26,1,0,0,1,0,0,0,male,320
1,36,2,3,2613,4,0,2,2,0,0,27,1,2,1,1,0,0,0,male,500
3,48,4,7,7476,4,1,2,2,2,2,50,1,1,0,0,0,1,0,male,913
1,24,4,8,4591,3,0,1,2,1,1,54,1,2,2,0,0,1,0,male,-184
0,18,4,2,1924,1,2,2,2,1,3,27,1,0,0,1,0,0,0,female,-193
0,72,4,4,5595,0,0,1,2,0,0,24,1,2,0,1,0,0,0,female,-767
0,48,3,7,6224,4,3,2,2,3,2,50,1,1,0,1,0,0,0,male,-570
2,15,4,7,1905,4,3,2,2,3,0,40,1,0,0,0,0,1,0,male,511
1,21,3,1,2993,4,0,0,2,0,3,28,2,2,1,3,0,0,0,male,553
1,36,3,1,8947,1,1,0,2,0,0,31,2,2,0,0,1,1,0,nonbinary/notreported,2486
3,24,4,2,4020,4,0,1,2,0,0,27,2,2,0,1,0,0,0,male,1008
0,18,4,1,2779,4,0,3,2,1,0,21,1,0,0,1,0,1,0,nonbinary/notreported,739
1,21,4,5,2782,2,1,3,2,0,0,31,0,2,0,0,0,0,0,female,131
1,12,4,5,1884,4,3,2,2,3,0,39,1,2,0,0,0,1,0,male,221
1,36,0,1,11054,1,0,2,2,0,0,30,1,2,0,0,0,1,0,male,283
0,60,3,4,9157,1,0,1,2,0,2,27,1,1,0,0,0,0,0,male,1768
0,42,1,1,9283,4,4,3,2,0,2,55,0,1,0,0,0,1,0,male,414
1,60,4,5,6527,1,0,2,2,3,2,34,1,1,0,1,1,1,0,male,1260
1,15,0,1,3368,3,3,0,2,3,2,23,1,0,1,1,0,1,0,male,159
3,15,4,5,2511,4,4,3,2,3,0,23,1,0,0,1,0,0,0,female,835
3,36,4,1,5493,4,3,1,2,3,2,42,1,1,0,1,1,0,0,male,843
1,6,4,6,1338,2,0,3,2,3,3,62,1,2,0,1,0,0,0,male,115
0,9,4,4,1082,4,3,2,2,3,0,37,1,2,1,3,0,0,0,male,114
1,18,0,4,1149,3,0,2,2,1,3,46,1,2,1,1,0,0,0,male,316
0,15,4,3,1308,4,3,2,2,3,0,38,1,2,1,3,0,0,0,male,237
0,20,2,1,6148,0,3,0,2,3,0,31,0,2,1,1,0,1,0,female,1101
1,12,4,2,1736,4,1,0,2,3,3,31,1,2,0,3,0,0,0,female,261
1,12,4,4,3059,3,1,1,2,3,3,61,1,2,0,3,0,0,0,nonbinary/notreported,279
3,24,4,2,2996,1,0,1,2,3,0,20,1,2,0,1,0,0,0,female,-2054
1,30,0,1,7596,1,3,3,2,3,0,63,1,2,1,1,0,0,0,male,1886
1,30,4,1,4811,1,1,1,2,3,1,24,2,0,0,3,0,0,0,female,415
1,6,4,2,1766,4,0,3,2,0,1,21,1,0,0,1,0,0,0,female,8
0,24,4,1,2760,1,3,2,2,3,2,36,0,1,0,1,0,1,0,male,955
1,24,0,3,5507,4,3,0,2,3,2,44,1,1,1,1,0,0,0,male,1336
0,9,4,7,1199,4,1,2,2,3,1,67,1,2,1,0,0,1,0,female,98
2,24,4,2,2892,4,3,0,2,3,2,51,1,1,0,1,0,0,0,male,413
0,36,3,5,2862,0,3,2,2,1,2,30,1,1,0,1,0,0,0,male,842
3,9,4,5,654,4,0,2,2,1,0,28,1,2,0,3,0,0,0,male,-174
0,9,0,7,1136,3,3,2,2,1,2,32,1,1,1,1,1,0,0,male,-560
0,24,4,1,4113,2,2,0,2,3,0,28,1,0,0,1,0,0,0,female,-2996
0,6,4,5,14555,1,4,3,2,0,1,23,1,2,0,2,0,1,0,male,-4986
3,15,2,5,950,4,3,2,2,1,0,33,1,0,1,1,1,0,0,male,-71
3,24,0,5,1199,4,3,2,2,3,0,60,1,2,1,3,0,0,0,male,-305
3,12,2,5,1082,4,0,2,2,3,0,48,0,2,1,1,0,0,0,male,-383
0,30,4,5,2150,4,0,2,1,0,2,24,0,2,0,1,0,0,0,female,-630
0,36,0,5,2820,4,2,2,2,3,0,27,1,2,1,1,0,0,0,male,-1462
0,48,4,4,3060,4,1,2,2,3,3,28,1,2,1,1,0,0,0,male,8
3,18,4,4,2600,4,0,2,2,3,2,65,1,1,1,1,0,0,0,male,-1373
1,21,2,5,5003,1,0,3,2,3,1,29,0,2,1,1,0,1,0,female,-3379
0,60,4,7,6288,4,0,2,2,3,2,42,1,1,0,1,0,0,0,male,-1572
1,24,3,5,2538,4,3,2,2,3,0,47,1,2,1,3,1,0,0,male,-6
1,9,4,4,1478,4,1,2,2,0,0,22,1,2,0,1,0,0,0,male,-536
0,39,0,4,4933,4,1,1,1,0,3,25,1,2,1,1,0,0,0,male,-610
1,18,0,5,1530,4,0,0,2,0,1,32,0,2,1,1,0,0,0,male,-676
0,9,1,5,1437,0,1,1,2,1,2,29,1,2,0,1,0,0,0,male,-193
3,15,4,6,1275,1,0,2,2,0,0,24,1,0,0,1,0,0,0,female,-160
3,24,4,4,1823,4,4,2,2,0,0,30,2,2,0,0,1,0,0,male,-424
3,9,4,5,1422,4,2,0,2,0,2,27,1,1,0,0,0,1,0,male,-360
3,18,4,6,1217,4,0,2,2,1,3,47,1,2,0,3,0,1,0,female,-206
3,36,4,5,9271,4,1,1,2,2,0,24,1,2,0,1,0,1,0,male,-3763
3,36,3,8,2145,4,1,1,2,2,0,24,1,2,1,1,0,1,0,male,-400
3,36,4,5,1842,4,2,2,2,3,0,34,1,2,0,1,0,1,0,female,-187
0,18,3,2,4297,4,3,2,2,1,2,40,1,2,0,0,0,1,0,male,-989
3,6,0,2,3384,4,0,3,2,3,3,44,1,0,0,0,0,1,0,male,-724
0,18,0,4,1245,4,0,2,2,0,0,33,1,2,0,1,0,0,0,female,-199
1,15,4,7,4623,0,0,0,2,0,1,40,1,2,0,0,0,1,0,male,-1191
0,30,0,2,8386,4,1,1,2,0,1,49,1,2,0,1,0,0,0,nonbinary/notreported,-593
3,24,3,4,1024,4,2,2,2,3,3,48,2,2,0,1,0,0,0,female,-366
0,36,4,5,14318,4,3,2,2,0,2,57,1,1,0,0,0,1,0,male,-7618
0,6,1,7,433,3,2,2,2,0,1,24,0,0,0,1,1,0,0,female,-248
3,12,1,4,2149,4,0,2,2,2,2,29,1,1,0,1,0,0,0,male,-1688
1,24,4,4,2397,2,3,0,2,0,0,35,0,2,1,1,0,1,0,male,-1080
0,6,1,5,931,0,2,3,2,2,1,32,2,2,0,3,0,0,0,female,-351
0,15,3,3,1512,3,0,0,2,1,1,61,2,2,1,1,0,0,0,female,-865
0,24,2,8,4241,4,0,3,2,3,3,36,1,2,2,3,0,1,0,male,-2542
0,24,0,2,4736,4,2,1,2,3,0,25,0,2,0,3,0,0,0,female,-2032
0,15,2,5,1778,4,2,1,2,2,3,26,1,0,1,2,0,0,0,female,-1067
2,15,4,4,2327,4,2,1,2,1,3,25,1,2,0,3,0,0,0,female,-1350
3,24,1,2,6872,4,2,1,2,2,1,55,0,2,0,1,0,1,0,male,-2251
3,12,4,7,795,4,2,2,2,3,1,53,1,2,0,1,0,0,0,female,-25
2,30,3,8,1908,4,3,2,2,3,3,66,1,2,0,0,0,1,0,male,-711
0,36,2,8,1953,4,3,2,2,3,2,61,1,1,0,0,0,1,0,male,-422
2,18,4,2,2864,4,0,1,2,2,3,34,1,2,0,3,1,0,0,male,-1157
2,21,0,7,2319,4,2,1,2,2,0,33,1,0,0,1,0,0,0,male,-1016
3,24,4,5,915,1,3,2,2,0,0,29,0,2,0,1,0,0,0,nonbinary/notreported,-39
2,24,4,5,947,4,1,2,2,1,2,38,0,1,0,1,1,0,0,male,-18
3,24,4,5,1381,1,0,2,2,0,1,35,1,2,0,1,0,0,0,nonbinary/notreported,-636
3,24,4,5,1285,1,1,2,2,3,2,32,1,0,0,1,0,0,0,female,-449
3,24,4,5,1371,1,0,2,2,3,3,25,1,0,0,1,0,0,0,female,-941
0,18,4,5,1042,1,0,2,2,0,1,33,1,2,0,1,0,0,0,female,-163
3,12,4,5,900,1,0,2,2,0,0,23,1,2,0,1,0,0,0,female,-239
3,24,4,5,1207,4,2,2,2,3,1,24,1,0,0,1,0,0,0,female,-79
0,18,2,5,2278,0,2,0,2,1,0,28,1,2,1,1,0,0,0,female,-836
3,60,3,8,6836,4,3,0,2,3,2,63,1,2,1,1,0,1,0,male,-2889
3,24,4,2,3345,4,3,2,2,0,1,39,1,0,0,0,0,1,0,male,-328
3,6,1,7,1198,4,3,2,2,3,2,35,1,1,0,1,0,0,0,female,-316
0,48,4,8,15672,4,0,1,2,0,0,23,1,2,0,1,0,1,0,male,-4829
3,60,4,8,7297,4,3,2,0,3,2,36,1,0,0,1,0,0,0,male,-1055
1,18,4,3,1943,4,2,2,2,3,3,23,1,2,0,1,0,0,0,female,-119
3,18,4,4,3190,4,0,1,2,0,3,24,1,2,0,1,0,0,0,female,-2160
0,9,1,1,5129,4,3,1,2,3,2,74,0,1,0,0,1,1,0,female,-316
1,18,3,2,1808,4,1,2,2,2,3,22,1,2,0,1,0,0,0,female,-799
2,10,4,5,1240,0,3,3,2,3,2,48,1,1,0,3,1,0,0,female,-466
3,12,4,5,759,4,1,2,2,0,3,26,1,2,0,1,0,0,0,male,-58
0,8,4,2,1237,4,0,0,2,3,3,24,1,2,0,1,0,0,0,female,-206
1,9,4,2,1980,4,2,1,0,0,0,19,1,0,1,1,0,0,0,female,-616
0,48,4,4,10961,3,1,3,0,0,2,27,0,2,1,1,0,1,0,male,-4018
3,36,3,7,6887,4,0,2,2,1,1,29,2,2,0,1,0,1,0,male,-2529
3,24,4,4,1938,4,2,2,2,1,1,32,1,2,0,1,0,0,0,male,-622
3,21,4,4,1835,4,0,0,2,0,3,25,1,2,1,1,0,1,0,female,-665
3,24,3,4,1659,4,2,2,2,0,0,29,1,0,0,3,0,1,0,female,-286
0,6,3,5,1209,4,4,2,2,3,1,47,1,2,0,0,0,1,0,male,-568
0,48,2,8,3844,0,1,2,2,3,2,34,1,1,0,3,1,0,0,male,-207
3,12,0,5,4843,4,3,0,0,3,1,43,1,0,1,1,0,1,0,male,-1092
0,12,4,3,639,4,0,2,2,0,0,30,1,2,0,1,0,0,0,male,-21
0,48,4,4,5951,4,0,1,2,0,3,22,1,2,0,1,0,0,0,female,-1352
0,36,2,4,3804,4,0,2,2,2,0,42,1,2,0,1,0,1,0,female,-668
1,36,3,4,4463,4,0,2,2,0,0,26,1,2,1,0,0,1,0,male,-709
1,36,3,8,7980,1,2,2,2,3,0,27,1,0,1,1,0,1,0,male,-1082
2,36,4,4,4210,4,0,2,2,0,0,26,1,2,0,1,0,0,0,male,-161
1,6,4,2,4611,4,2,3,2,3,1,32,1,2,0,1,0,0,0,female,-791
0,24,4,1,11560,4,0,3,2,3,0,23,1,0,1,0,0,0,0,female,-3327
1,18,2,8,4165,4,0,1,2,0,0,36,2,2,1,1,1,0,0,male,-1599
0,24,4,2,4057,4,1,0,2,1,0,43,1,2,0,1,0,1,0,male,-849
1,18,1,5,6458,4,3,1,2,3,2,39,0,2,1,0,1,1,0,male,-3719
1,12,4,5,1386,2,0,1,2,0,1,26,1,2,0,1,0,0,0,female,-675
3,36,4,7,1977,1,3,2,2,3,2,40,1,2,0,0,0,1,0,male,-1143
0,18,0,2,1928,4,2,1,2,0,3,31,1,2,1,3,0,0,0,male,-681
1,12,4,2,1123,2,0,2,2,3,0,29,1,0,0,3,0,0,0,female,-539
0,24,4,0,11328,4,0,1,0,1,0,29,0,2,1,0,0,1,0,male,-4619
0,24,0,0,11938,4,0,1,0,1,0,39,1,2,1,0,1,1,0,male,-3008
0,27,0,4,2520,2,0,2,2,0,1,23,1,2,1,3,0,0,0,male,-332
0,30,3,4,1919,0,2,2,2,1,2,30,2,2,1,0,0,0,0,male,-936
0,60,1,0,14782,0,3,0,2,3,2,60,0,1,1,0,0,1,0,female,-6060
0,36,4,4,2671,0,0,2,0,3,2,50,1,1,0,1,0,0,0,female,-296
0,36,4,7,12612,0,0,3,2,3,2,47,1,1,0,1,1,1,0,male,-8130
0,45,4,4,3031,0,0,2,1,3,1,21,1,0,0,1,0,0,0,male,35
3,12,1,4,626,4,0,2,2,3,3,24,0,2,0,3,0,0,0,female,-48
0,24,0,8,1935,4,3,2,2,3,3,31,1,2,1,1,0,1,0,male,-28
2,24,0,5,1344,1,1,2,2,0,3,37,0,2,1,3,1,0,0,male,54
1,18,4,2,1533,4,2,2,0,2,1,43,1,2,0,3,1,0,0,female,-717
3,48,4,5,3931,4,1,2,2,3,2,46,1,1,0,1,1,0,0,male,-435
3,24,1,2,3349,2,2,2,2,3,2,30,1,1,0,1,1,1,0,male,-1759
3,36,4,4,2302,4,0,2,2,3,0,31,1,0,0,1,0,0,0,male,-408
3,42,4,4,3965,4,2,2,2,1,0,34,1,2,0,1,0,0,0,male,-941
3,12,4,4,727,0,2,2,2,1,2,33,1,2,0,3,0,1,0,female,-3
1,48,4,8,3914,1,0,2,2,0,3,38,0,2,0,1,0,0,0,male,-113
3,48,4,8,4308,4,2,0,2,3,1,24,1,0,0,1,0,0,0,female,-1135
0,12,4,4,1534,4,2,3,2,2,3,23,1,0,0,1,0,0,0,female,-869
1,18,0,5,2775,4,1,1,2,0,1,31,0,2,1,1,0,0,0,male,-95
3,40,0,7,5998,4,0,2,2,1,2,27,0,2,0,1,0,1,0,male,-2064
2,15,0,4,1271,1,0,0,2,3,2,39,1,1,1,1,0,1,0,male,-268
0,12,4,5,1295,4,2,0,2,2,0,25,1,0,0,1,0,0,0,female,-123
0,36,4,1,9398,4,2,3,2,3,0,28,1,0,0,0,0,1,0,female,-2807
0,12,4,2,951,0,2,2,2,3,0,27,0,0,3,1,0,0,0,nonbinary/notreported,-363
0,24,4,5,1355,4,2,0,2,3,0,25,1,2,0,3,0,1,0,female,-416
3,48,4,6,3051,4,0,0,2,3,0,54,1,2,0,1,0,0,0,male,-1081
1,36,0,5,7855,4,0,2,2,0,3,25,2,2,1,1,0,1,0,female,-4878
1,18,4,4,433,4,4,0,0,3,3,22,1,0,0,1,0,0,0,nonbinary/notreported,-162
1,36,3,8,9572,4,2,3,2,2,0,28,1,2,1,1,0,0,0,male,-2782
0,24,1,7,1837,4,1,2,2,3,2,34,0,1,0,3,0,0,0,female,-238
0,30,0,5,4249,4,4,2,2,0,0,28,1,2,1,0,0,0,0,female,-578
0,30,0,5,5234,4,4,2,2,0,0,28,1,2,1,0,0,0,0,female,-1318
3,48,4,4,6758,4,0,0,2,0,0,31,1,2,0,1,0,1,0,female,-2069
3,9,4,4,1366,4,2,0,2,3,1,22,1,0,0,1,0,0,0,female,-23
3,24,1,0,1358,1,3,2,2,1,0,40,2,2,0,0,0,1,0,male,-880
3,18,4,2,2473,4,4,2,2,2,0,25,1,2,0,2,0,0,0,male,-865
2,9,2,4,1337,4,2,2,2,0,0,34,1,2,1,0,0,1,0,male,-300
3,48,4,5,7763,4,3,2,2,3,2,42,0,1,0,0,0,0,0,male,-711
0,15,1,5,1264,0,0,1,2,0,1,25,1,0,0,1,0,0,0,female,-223
0,15,4,5,2631,0,0,1,2,3,0,28,1,0,1,1,0,1,0,female,-1107
0,48,4,5,6560,0,1,0,2,0,1,24,1,2,0,1,0,0,0,male,-2209
3,24,4,5,3123,4,2,2,2,2,1,27,1,2,0,1,0,0,0,female,-150
3,36,0,7,8065,4,0,0,2,0,2,25,1,2,1,0,0,1,0,female,-2148
3,24,4,4,2439,4,2,2,2,3,3,35,1,2,0,1,0,1,0,female,-1274
0,36,4,2,9034,0,2,2,0,2,2,29,1,0,0,0,0,1,0,male,-2793
0,60,4,5,14027,4,1,2,2,0,2,27,1,2,0,0,0,1,0,male,-5281
3,36,0,1,9629,4,1,2,2,3,0,24,1,2,1,1,0,1,0,male,-4541
0,12,4,4,1484,1,0,1,2,2,3,25,1,2,0,1,0,1,0,female,-556
3,18,4,2,1131,4,4,2,2,0,0,33,1,2,0,1,0,0,0,female,-280
0,24,3,2,2064,4,4,0,2,0,1,34,1,2,0,0,0,1,0,female,-1044
0,18,4,1,12976,4,4,0,2,3,2,38,1,1,0,0,0,1,0,female,-3821
1,21,3,8,2580,2,2,2,2,0,3,41,0,2,0,3,1,0,0,male,-605
1,27,4,5,2570,4,0,0,2,1,3,21,1,0,0,1,0,0,0,female,-826
0,27,4,8,3915,4,0,2,2,0,0,36,1,2,0,1,1,1,0,male,-922
1,10,4,5,1309,1,0,2,1,3,1,27,1,2,0,3,0,0,0,male,-463
3,24,4,5,4817,4,1,1,0,1,1,31,1,2,0,1,0,1,0,male,-1990
3,12,4,5,2579,4,2,2,2,2,3,33,1,2,0,3,1,0,0,male,-568
0,36,3,5,2225,4,3,2,2,3,2,57,0,1,1,1,0,1,0,nonbinary/notreported,-825
3,18,4,2,4153,4,0,1,0,1,0,42,1,2,0,1,0,0,0,male,-88
3,18,2,2,3114,4,2,3,2,3,1,26,1,0,0,1,0,0,0,female,-1344
3,18,0,2,2124,4,0,2,2,3,3,24,1,0,1,1,0,0,0,female,-78
3,18,1,2,1553,4,0,2,2,1,0,44,0,2,0,1,0,0,0,male,6
3,30,4,2,2406,4,1,2,2,3,3,23,1,0,0,1,0,0,0,female,-911
3,24,3,5,1333,4,4,2,2,0,3,43,1,1,1,1,1,0,0,male,-313
3,48,2,2,7119,4,0,0,2,3,2,53,1,1,1,1,1,0,0,male,-1094
3,24,3,5,4870,4,0,0,2,3,2,53,1,1,1,1,1,0,0,male,-1904
3,12,0,5,691,4,3,2,2,1,1,35,1,2,1,1,0,0,0,male,-166
3,42,3,4,4370,4,1,0,2,0,1,26,0,2,1,1,1,1,0,male,-541
3,36,1,2,2746,4,3,2,2,3,0,31,0,2,0,1,0,0,0,nonbinary/notreported,-77
3,24,2,2,4110,4,3,0,2,3,2,23,0,0,1,1,1,0,0,male,-1108
3,18,4,2,2462,4,0,1,2,0,0,22,1,2,0,1,0,0,0,male,-649
3,12,4,2,1282,4,0,1,2,3,0,20,1,0,0,1,0,0,0,female,-660
0,12,2,2,2969,4,2,2,2,1,1,25,1,0,1,1,0,0,0,female,-474
3,48,2,1,4605,4,3,0,2,3,2,24,1,1,1,1,1,0,0,male,-461
3,48,0,1,6331,4,3,2,2,3,2,46,1,1,1,1,0,1,0,male,-677
3,24,1,2,3552,4,1,0,2,3,0,27,0,2,0,1,0,0,0,male,-490
3,12,1,5,697,4,2,2,2,0,0,46,0,2,1,1,0,1,0,male,2
3,24,4,5,1442,4,1,2,2,3,0,23,1,0,1,1,0,0,0,nonbinary/notreported,-825
3,27,2,8,5293,4,4,1,2,3,1,50,1,2,1,1,0,1,0,male,-1901
3,21,3,7,3414,4,2,1,2,2,1,26,2,2,1,1,0,0,0,male,-726
3,18,4,2,2039,4,0,3,2,3,3,20,1,0,0,1,0,0,0,female,-1069
3,24,1,8,3161,4,0,2,2,0,1,31,0,0,0,1,0,1,0,male,-1166
3,12,4,9,902,4,1,2,2,3,1,21,1,0,0,1,0,0,0,female,-419
3,48,4,1,10297,4,1,2,2,3,2,39,1,1,2,1,1,1,0,male,-5302
0,48,2,8,14421,4,0,1,2,0,0,25,2,2,0,1,0,1,0,male,-5788
0,18,0,5,1056,4,3,0,1,1,3,30,1,2,1,1,0,0,0,male,-503
3,12,4,5,1274,4,2,0,2,2,3,37,0,2,0,3,0,0,0,female,-373
0,12,4,5,1223,4,3,3,2,2,3,46,1,0,1,1,0,0,0,male,-421
3,12,4,5,1372,4,1,1,2,1,0,36,1,2,0,1,0,0,0,male,-378
3,16,0,5,2625,4,3,1,1,3,1,43,1,0,0,1,0,1,1,male,-1684
3,20,0,5,2235,4,0,2,1,0,1,33,0,0,1,1,0,0,1,female,-1004
0,9,4,2,959,4,0,3,2,0,0,29,0,2,0,1,0,0,0,female,-84
0,18,0,5,884,4,3,2,2,3,0,36,1,2,0,1,1,1,0,male,-155
0,24,4,5,1246,4,2,2,2,0,3,23,0,2,0,3,0,0,0,male,-282
0,36,3,5,8086,0,3,1,2,3,0,42,2,2,3,0,0,1,0,male,-4456
1,48,0,5,10127,2,0,1,2,0,2,44,1,1,0,1,0,0,0,male,-6173
0,12,4,5,888,4,3,2,2,3,0,41,0,2,0,3,1,0,0,male,-171
1,12,4,7,719,4,3,2,2,3,0,41,0,2,0,3,1,0,0,male,-117
0,36,4,5,12389,1,0,3,2,3,2,37,0,1,0,1,0,1,0,male,-3674
3,12,4,4,709,4,3,2,2,3,3,57,1,2,0,3,0,0,0,male,-171
0,15,1,5,6850,0,4,3,2,0,1,34,2,2,0,0,1,1,0,male,-621
1,10,4,2,2210,4,0,1,2,0,3,25,1,0,0,3,0,0,0,male,-215
1,30,1,1,7485,1,4,2,2,2,3,53,0,2,0,0,0,1,0,female,-1552
3,18,1,5,1442,4,1,2,2,3,2,32,0,1,1,3,1,0,0,male,-550
1,12,0,4,797,1,3,2,2,1,1,33,1,2,0,3,1,0,0,female,-302
0,45,0,4,4746,4,2,2,2,0,1,24,0,2,1,3,0,0,0,male,-1506
2,12,0,5,939,2,1,2,2,0,3,28,1,2,2,1,0,1,0,female,-125
0,21,4,8,1188,4,3,1,2,3,1,39,1,2,0,1,1,0,0,female,-470
1,48,0,1,11590,0,0,1,2,3,0,24,1,0,1,3,0,0,0,female,-3230
2,12,1,8,609,4,2,2,2,2,3,26,0,2,0,2,0,0,0,female,-58
3,18,0,3,1190,4,4,1,2,3,2,55,1,1,2,2,1,0,0,nonbinary/notreported,-73
0,21,4,8,2767,0,3,2,2,0,0,61,1,0,1,3,0,0,0,male,-1110
0,30,4,2,3441,0,0,1,0,3,0,21,0,0,0,1,0,0,0,female,-1394
0,30,2,8,4280,0,0,2,2,3,0,26,1,0,1,3,0,0,0,female,-583
0,24,4,4,3092,0,2,0,2,0,0,22,1,0,0,1,0,1,0,female,-1499
1,18,4,5,6761,1,0,1,2,3,0,68,2,0,1,1,0,0,0,male,-444
0,12,4,4,1331,4,2,1,2,2,0,22,1,2,0,1,0,0,0,male,-484
0,54,2,8,15945,4,2,0,2,3,2,58,1,0,0,1,0,1,0,male,-1348
3,24,4,2,3234,4,2,2,2,3,3,23,1,0,0,3,0,1,0,female,-1150
0,15,4,4,802,4,3,2,2,1,0,37,1,2,0,1,1,0,0,male,-58
0,48,4,2,9960,4,2,3,2,0,0,26,0,2,0,1,0,1,0,female,-243
1,24,3,8,8648,4,2,1,2,0,0,27,0,2,1,1,0,1,0,male,-1846
3,18,4,4,1345,4,0,2,2,1,3,26,1,2,0,1,0,0,0,female,-285
3,45,4,4,1845,4,0,2,2,3,2,23,1,1,0,1,0,1,0,male,-154
3,21,1,5,1647,1,0,2,2,0,1,40,0,2,1,3,1,0,0,male,-890
1,48,4,8,4844,4,4,0,2,0,0,33,1,0,0,0,0,1,0,male,-1547
0,27,2,8,8318,4,3,1,2,3,2,42,2,1,1,0,0,1,0,female,-3488
2,18,4,4,2100,4,0,2,0,0,3,37,1,2,0,1,0,0,0,male,-1630
3,45,2,8,11816,4,3,1,2,3,0,29,1,0,1,1,0,0,0,male,-4443
3,6,4,7,448,4,2,2,2,3,1,23,1,2,0,1,0,0,0,female,-194
3,30,4,3,11998,4,2,3,2,2,2,34,0,2,0,3,0,1,0,male,-6032
0,48,2,0,18424,4,0,3,2,0,1,32,0,2,0,0,0,1,1,female,-6118
3,6,4,5,14896,4,3,3,2,3,2,68,0,2,0,0,0,1,0,male,-4948
0,12,4,2,2762,1,3,3,2,0,1,25,1,2,0,1,0,1,0,female,-874
3,12,4,1,3386,4,3,0,2,3,2,35,1,1,0,1,0,1,0,male,-594
0,24,4,4,2039,4,2,3,2,2,1,22,1,2,0,1,0,1,0,female,-532
1,18,3,8,2169,4,0,2,2,0,0,28,1,2,0,1,0,1,0,female,-692
0,48,0,2,5096,4,0,1,2,1,0,30,1,2,0,0,0,1,0,female,-1610
3,18,4,4,1882,4,0,2,2,3,0,25,0,0,1,1,0,0,0,female,-811
3,48,4,4,6999,4,1,3,1,2,3,34,1,2,1,1,0,1,0,female,-4947
1,12,0,8,2292,4,4,2,2,0,0,42,2,2,1,0,0,1,0,male,-113
3,14,4,5,8978,4,3,3,2,3,1,45,1,2,0,0,0,1,1,male,-2727
3,12,4,4,674,0,1,2,2,2,1,20,1,2,0,1,0,0,0,female,-206
3,18,4,5,976,4,2,3,2,0,0,23,1,2,0,3,0,0,0,female,-264
0,24,4,5,2718,4,0,0,2,3,1,20,1,0,0,3,0,1,0,female,-1242
3,18,4,7,750,4,4,2,2,2,3,27,1,2,0,2,0,0,0,female,-13
0,24,4,1,12579,4,3,2,2,0,2,44,1,1,0,0,0,1,0,female,-5025
3,18,4,1,7511,1,3,3,2,3,1,51,1,1,0,1,1,1,0,male,-89
3,18,0,5,3966,4,3,3,2,3,3,33,0,0,2,1,0,1,0,female,-653
3,12,2,4,6199,4,0,2,2,0,1,28,1,0,1,1,0,1,0,male,-2834
3,24,4,4,1987,4,0,1,2,3,3,21,1,0,0,3,1,0,0,male,-582
3,24,4,5,2303,4,3,2,0,2,3,45,1,2,0,1,0,0,0,male,-341
1,21,0,5,12680,1,3,2,2,3,2,30,1,1,0,0,0,1,0,male,-1419
0,12,4,4,6468,1,4,1,2,2,2,52,1,2,0,0,0,1,0,male,-1853
3,30,4,2,6350,1,3,2,2,3,1,31,1,2,0,1,0,0,0,male,-3086
